Workbook
Name Lim_BP_DiaHigh: '⚙ Dashboard Settings'!$I$11
Name Lim_BP_SysHigh: '⚙ Dashboard Settings'!$I$9
Name Lim_BP_SysLow: '⚙ Dashboard Settings'!$I$10
Name Lim_Sugar_Alert: '⚙ Dashboard Settings'!$I$7
Name VisitDateList: '🗓 Doctor Visit Log'!$V$6:INDEX('🗓 Doctor Visit Log'!$V$6:$V$117,MAX(1,COUNT('🗓 Doctor Visit Log'!$V$6:$V$117)))

Sheet 📋 How To Print
B2: NEPHRO HEALTHCARE TRACKER ( PERSONAL ) - Ver 2.0
B3: Read all Instructions very carefully before commencing Data Entry in any Datasheet
B5: Record Vitals at Home → Update Lab Reports { prior to each Consultation / Doctor's visit / Before Every Follow-up | E5: Send by E-Mail prior to your Follow-up / Carry along Prints of the Doctor Pack (Doctor Referral Report + Dashboard + Daily Vitals Log)
B6: YOUR VITALS DATA ROUTINE — 5 SIMPLE STEPS | E6: DOCTOR PACK ( 3 SHEETS, ABOUT 6 PAGES ) : E-MAIL / BE CARRIED FOR CONSULTATIONS
B7: 1 | C7: Once: Fill 👤 Patient Info (yellow cells). Every other sheet reads from it. | E7: Send or carry only these three sheets. In a 10–15 minute consultation the doctor needs a clear summary first, with the day-by-day readings behind it.
B9: 2 | C9: Every day: Record / enter BP, Pulse, SpO₂, Weight, Fluids and Sugar (FBS) in 📅 Daily Vitals Log. | E9: 🩺 Doctor Referral Report (1 page) — who you are, last-7-day vitals, latest labs, current medicines, space for the doctor's plan.
B11: 3 | C11: At Each Lab test / Visit: Type the test date in row 4 of 🧪 Lab Results (oldest first, left to right, no empty column), then the results below it in relevant cells. | E11: 📈 Dashboard (2 pages) — alerts, creatinine / eGFR / tacrolimus trends, lab snapshot, home BP, weight, urine, SpO₂ and sugar trends.
B13: 4 | C13: When New Medicines are Added / Medicines Change: Add a new line (For New Meds) in 💊 Medication History and set Status = ACTIVE. If dosage of a particular medicine is Incr / Decr, mark it as CHANGED and put the Date of change at relevant place (column J ). Add a fresh Medication Entry [With Revised Data] in a Blank New Row and set its Status = ACTIVE. Add a remark suitably in " Clinical Notes / Remarks" Column. | E13: 📅 Daily Vitals Log (about 3 pages) — every day's BP, pulse, SpO₂, weight, fluids, urine and sugar, for the doctor to study in detail.
B17: 5 | C17: Before each visit: check 🩺 Doctor Referral Report, 📈 Dashboard and 📅 Daily Vitals Log, then send by E-Mail / Carry along : the Doctor Pack (see right). | E17: DOCTOR PACK : OPTION 1 — SAVE AS PDF (RECOMMENDED)
E18: 1 | F18: Click the 🩺 Doctor Referral Report tab, hold Ctrl and click the 📈 Dashboard and 📅 Daily Vitals Log tabs — all three are now selected.
B20: COLOUR CODES IN USE | E20: 2 | F20: Press Ctrl+P (Windows) or Cmd+P (Mac). Printer: Microsoft Print to PDF (Windows) or Save as PDF (Mac).
C21: Yellow cell = you type here
C22: White / grey cell = works itself out — please don't overwrite | E22: 3 | F22: Under Settings choose Print Active Sheets — not Print Entire Workbook.
C23: Red / orange = outside the safe limit — INFORM your doctor
E24: 4 | F24: Click Print / Save and name the file, e.g. PatientName_Doctor_Pack_05Oct2026.pdf.
B25: BEFORE EVERY CONSULTATION APPOINTMENT / VISIT — CHECKLIST
B26: ☐ Daily Vitals Log is filled in and is up to today | E26: 5 | F26: Email or WhatsApp the PDF to your doctor before the visit. Then click any other tab to un-select the sheets.
B27: ☐ Latest lab results have been entered, dates oldest → newest
B28: ☐ Medication History is up to date
B29: ☐ Dashboard Layout and Doctor Referral Report look right | E29: DOCTOR PACK : OPTION 2 — PRINT ON PAPER
B30: ☐ Dated copy of this file saved (e.g. Nephro_Tracker_05Oct2026.xlsx) | E30: ▶ | F30: Select the same three tabs → Ctrl+P → Print Active Sheets → choose printer → Print. Carry the pages to the clinic.
B32: WHAT EACH SHEET CONTAINS (colour = tab colour, ★ = goes to the doctor)
C33: 📋 How To Print → This guide | E33: ONLY IF THE DOCTOR ASKS — KEEP READY, DON'T SEND ROUTINELY
B34: ★ | C34: 🩺 Doctor Referral Report → 1-page summary for the doctor | E34: 🧪 Lab Results — the full table, to compare older tests
B35: ★ | C35: 📈 Dashboard → Alerts, lab snapshot, 8 trend charts | E35: 💊 Medication History — to review past dose changes
C36: 👤 Patient Info → Demographics, transplant details, history | E36: 📊 Weekly Summary — week-by-week averages (1 page)
B37: ★ | C37: 📅 Daily Vitals Log → BP, pulse, SpO₂, weight, fluids, sugar | E37: Original hospital lab reports — the official record (Always better to Carry along during consultation visits)
C38: 🧪 Lab Results → All blood & urine tests across dates
C39: 💊 Medication History → Medicine log: start, stop, changes
C40: 🗓 Doctor Visit Log → Date of consultation + key values per visit | E40: PLEASE DON'T SEND THE ENTIRE WORKBOOK [ By E-mail / Whatsapp ]
C41: 📊 Weekly Summary → Weekly averages + alert counts | E41: Sending every sheet adds 8+ more pages of raw tables (patient info, lab table, medication log, visit log, settings). They bury the key findings, use up the doctor's limited time, and share more personal data than needed. Keep the full file for your own records.
C42: 📖 Lab Reference Ranges → Post-transplant targets
C43: ⚙ Dashboard Settings → Alert limits you can edit

Sheet 👤 Patient Info
B1: NEPHROLOGY FOLLOW-UP TRACKER
B2: Patient Information Sheet | Complete once — all other sheets reference this page
B3: Treating Nephrologist:
B4: Doctor Name: | E4: Doctor Phone:
B5: Hospital / Clinic: | E5: Doctor Email:
B6: Reg. No.: | E6: Website:
B7: PATIENT DETAILS
B8: Patient Name: | E8: Patient ID / MRD No.:
B9: Date of Birth: | E9: Referring Doctor:
B10: Age (years): | E10: Diagnosis:
B11: Gender: | E11: Transplant Date:
B12: Blood Group: | E12: Donor Type:
B13: Contact No.:
B14: TRANSPLANT & MEDICAL HISTORY
B15: Primary Kidney Disease:
B16: Dialysis History (from – to):
B17: Known Allergies:
B18: Comorbidities:
B19: Current Immunosuppression Regimen: | C19: As per Medication History sheet
B20: Other Medications: | C20: As per Medication History sheet
B21: NOTES / CLINICIAN INSTRUCTIONS

Sheet 📅 Daily Vitals Log
B1: DAILY HOME MONITORING LOG — KIDNEY TRANSPLANT PATIENT
B2: Fill every day at the SAME time. Yellow cells = mandatory. Alert doctor immediately for RED values. Bring this log to every visit.
B3: Date | C3: BP Systolic (mmHg) | D3: BP Diastolic (mmHg) | E3: Pulse (bpm) | F3: SpO₂ (%) | G3: Temp (°F) | H3: Weight (kg) | I3: Fluid In (mL) | J3: Urine Out (mL) | K3: Urine Freq (#/day) | L3: Oedema? (Y/N) | M3: Blood Sugar (mg/dL) | N3: Meds Taken? | O3: Symptoms / Notes | P3: BP Alert | Q3: SpO₂ Alert
P4: =IF(OR(C4="",D4=""),"",IF(OR(C4>'⚙ Dashboard Settings'!$I$9,C4<'⚙ Dashboard Settings'!$I$10,D4>'⚙ Dashboard Settings'!$I$11),"⚠ ALERT","OK")) | Q4: =IF(F4="","",IF(F4<94,"🚨 LOW","OK"))
P5: =IF(OR(C5="",D5=""),"",IF(OR(C5>'⚙ Dashboard Settings'!$I$9,C5<'⚙ Dashboard Settings'!$I$10,D5>'⚙ Dashboard Settings'!$I$11),"⚠ ALERT","OK")) | Q5: =IF(F5="","",IF(F5<94,"🚨 LOW","OK"))
P6: =IF(OR(C6="",D6=""),"",IF(OR(C6>'⚙ Dashboard Settings'!$I$9,C6<'⚙ Dashboard Settings'!$I$10,D6>'⚙ Dashboard Settings'!$I$11),"⚠ ALERT","OK")) | Q6: =IF(F6="","",IF(F6<94,"🚨 LOW","OK"))
P7: =IF(OR(C7="",D7=""),"",IF(OR(C7>'⚙ Dashboard Settings'!$I$9,C7<'⚙ Dashboard Settings'!$I$10,D7>'⚙ Dashboard Settings'!$I$11),"⚠ ALERT","OK")) | Q7: =IF(F7="","",IF(F7<94,"🚨 LOW","OK"))
P8: =IF(OR(C8="",D8=""),"",IF(OR(C8>'⚙ Dashboard Settings'!$I$9,C8<'⚙ Dashboard Settings'!$I$10,D8>'⚙ Dashboard Settings'!$I$11),"⚠ ALERT","OK")) | Q8: =IF(F8="","",IF(F8<94,"🚨 LOW","OK"))
P9: =IF(OR(C9="",D9=""),"",IF(OR(C9>'⚙ Dashboard Settings'!$I$9,C9<'⚙ Dashboard Settings'!$I$10,D9>'⚙ Dashboard Settings'!$I$11),"⚠ ALERT","OK")) | Q9: =IF(F9="","",IF(F9<94,"🚨 LOW","OK"))
P10: =IF(OR(C10="",D10=""),"",IF(OR(C10>'⚙ Dashboard Settings'!$I$9,C10<'⚙ Dashboard Settings'!$I$10,D10>'⚙ Dashboard Settings'!$I$11),"⚠ ALERT","OK")) | Q10: =IF(F10="","",IF(F10<94,"🚨 LOW","OK"))
P11: =IF(OR(C11="",D11=""),"",IF(OR(C11>'⚙ Dashboard Settings'!$I$9,C11<'⚙ Dashboard Settings'!$I$10,D11>'⚙ Dashboard Settings'!$I$11),"⚠ ALERT","OK")) | Q11: =IF(F11="","",IF(F11<94,"🚨 LOW","OK"))
P12: =IF(OR(C12="",D12=""),"",IF(OR(C12>'⚙ Dashboard Settings'!$I$9,C12<'⚙ Dashboard Settings'!$I$10,D12>'⚙ Dashboard Settings'!$I$11),"⚠ ALERT","OK")) | Q12: =IF(F12="","",IF(F12<94,"🚨 LOW","OK"))
P13: =IF(OR(C13="",D13=""),"",IF(OR(C13>'⚙ Dashboard Settings'!$I$9,C13<'⚙ Dashboard Settings'!$I$10,D13>'⚙ Dashboard Settings'!$I$11),"⚠ ALERT","OK")) | Q13: =IF(F13="","",IF(F13<94,"🚨 LOW","OK"))
P14: =IF(OR(C14="",D14=""),"",IF(OR(C14>'⚙ Dashboard Settings'!$I$9,C14<'⚙ Dashboard Settings'!$I$10,D14>'⚙ Dashboard Settings'!$I$11),"⚠ ALERT","OK")) | Q14: =IF(F14="","",IF(F14<94,"🚨 LOW","OK"))
P15: =IF(OR(C15="",D15=""),"",IF(OR(C15>'⚙ Dashboard Settings'!$I$9,C15<'⚙ Dashboard Settings'!$I$10,D15>'⚙ Dashboard Settings'!$I$11),"⚠ ALERT","OK")) | Q15: =IF(F15="","",IF(F15<94,"🚨 LOW","OK"))
... P113: =IF(OR(C113="",D113=""),"",IF(OR(C113>'⚙ Dashboard Settings'!$I$9,C113<'⚙ Dashboard Settings'!$I$10,D113>'⚙ Dashboard Settings'!$I$11),"⚠ ALERT","OK")) | Q113: =IF(F113="","",IF(F113<94,"🚨 LOW","OK"))
B115: COLOUR LEGEND: 🟡 Yellow = Mandatory entry | 🔴 Red BP = outside the BP limits in ⚙ Dashboard Settings (default: Systolic >140 or <90, Diastolic >90) | 🚨 Red SpO₂ = <94% (call doctor) | 🟠 Orange Sugar = above alert limit in ⚙ Dashboard Settings (default >180 mg/dL) | * Blood Sugar = fasting value before breakfast | Fluid In = all liquids consumed | Urine Out = total 24-hr collection

Sheet 🧪 Lab Results
B1: BLOOD & URINE TEST LOG — SERIAL LAB RESULTS
B2: HOW TO ENTER: type each test date in row 4 (DATE →), moving LEFT → RIGHT and OLDEST FIRST, with no empty column in between (out-of-order dates are blocked). Then enter that visit's results below; leave a result blank if it was not tested. 🟢 = Normal 🟡 = Borderline 🔴 = Out of Range
B3: Test / Parameter | C3: Unit | D3: Normal Range (General) | E3: TX Target (Post-Tx) | F3: Frequency | G3: Test Date 1 (enter date →) | H3: Test Date 2 (enter date →) | I3: Test Date 3 (enter date →) | J3: Test Date 4 (enter date →) | K3: Test Date 5 (enter date →) | L3: Test Date 6 (enter date →) | M3: Test Date 7 (enter date →) | N3: Test Date 8 (enter date →) | O3: Test Date 9 (enter date →) | P3: Test Date 10 (enter date →) | Q3: Test Date 11 (enter date →) | R3: Test Date 12 (enter date →) | S3: Test Date 13 (enter date →) | T3: Test Date 14 (enter date →) | U3: Test Date 15 (enter date →) | V3: Test Date 16 (enter date →) | W3: Test Date 17 (enter date →) | X3: Test Date 18 (enter date →) | Y3: Test Date 19 (enter date →) | Z3: Test Date 20 (enter date →)
B4: DATE →
B5: RENAL FUNCTION
B6: Serum Creatinine | C6: mg/dL | D6: 0.6 – 1.2 | E6: Stable baseline | F6: Monthly
B7: eGFR | C7: mL/min | D7: ≥ 60 | E7: ≥ 45 | F7: Monthly
B8: Tacrolimus Trough | C8: ng/mL | D8: — | E8: Early: 8–12 | Late: 5–8 | F8: Monthly
B9: ELECTROLYTES
B10: Calcium (Total) | C10: mg/dL | D10: 8.5 – 10.5 | E10: 8.5 – 10.2 | F10: Monthly
B11: Phosphorus | C11: mg/dL | D11: 2.5 – 4.5 | E11: 2.5 – 4.5 | F11: Monthly
B12: Uric Acid | C12: mg/dL | D12: 2.4 – 7.0 | E12: < 7.0 | F12: Monthly
B13: Potassium | C13: mEq/L | D13: 3.5 – 5.0 | E13: 3.5 – 5.0 | F13: Monthly
B14: Sodium | C14: mEq/L | D14: 135 – 145 | E14: 135 – 145 | F14: Monthly
B15: Serum Bicarbonate | C15: mEq/L | D15: 22 – 29 | E15: 22 – 29 | F15: Monthly
B16: METABOLIC / GLUCOSE
B17: FBS (Fasting Sugar) | C17: mg/dL | D17: 70 – 100 | E17: 70 – 126 | F17: Monthly
B18: PPBS (Post-meal) | C18: mg/dL | D18: ≤ 140 | E18: ≤ 180 | F18: Monthly
B19: HbA1c | C19: % | D19: ≤ 5.7 | E19: ≤ 7.0 | F19: 3-Monthly
B20: COMPLETE BLOOD COUNT
B21: Haemoglobin | C21: g/dL | D21: 12 – 17 | E21: 11 – 14 | F21: Monthly
B22: TLC (WBC) | C22: ×10³/μL | D22: 4 – 11 | E22: 4 – 10 | F22: Monthly
B23: Platelets | C23: ×10³/μL | D23: 150 – 400 | E23: 150 – 350 | F23: Monthly
B24: LIVER & METABOLIC
B25: Serum Albumin | C25: g/dL | D25: 3.5 – 5.0 | E25: 3.5 – 5.0 | F25: Monthly
B26: Total Bilirubin | C26: mg/dL | D26: ≤ 1.2 | E26: ≤ 1.2 | F26: 3-Monthly
B27: SGOT / AST | C27: U/L | D27: ≤ 40 | E27: ≤ 40 | F27: 3-Monthly
B28: SGPT / ALT | C28: U/L | D28: ≤ 56 | E28: ≤ 56 | F28: 3-Monthly
B29: Lipid Profile (LDL) | C29: mg/dL | D29: ≤ 100 | E29: ≤ 100 | F29: 3-Monthly
B30: IMMUNOSUPPRESSION MONITORING
B31: Vitamin D (25-OH) | C31: ng/mL | D31: 30 – 100 | E31: 30 – 100 | F31: 3-Monthly
B32: BKV PCR | C32: copies/mL | D32: Negative | E32: < 10,000 | F32: Monthly × 9m then 3m
B33: CMV PCR | C33: copies/mL | D33: Negative | E33: Undetectable | F33: Monthly × 6m
B34: URINE TESTS
B35: Urine RE (Protein) | C35: – | D35: — | E35: Nil / Trace | F35: Monthly
B36: Urine RE (RBC/WBC) | C36: cells/hpf | D36: ≤ 5 | E36: ≤ 5 | F36: Monthly
B37: Urine C/S | C37: – | D37: — | E37: No Growth | F37: If symptomatic
B38: Urine PCR (UACR) | C38: mg/g | D38: < 150 | E38: < 300 | F38: Monthly
B39: 24h Urine Protein | C39: mg/24h | D39: < 150 | E39: < 300 | F39: If indicated
B40: DOCTOR'S NOTES ON LATEST RESULTS

Sheet 💊 Medication History
B1: MEDICATION HISTORY — UNIFIED LOG (Current Medications + All Changes)
B2: Add a new row for every medication added, changed, or stopped. Status: ACTIVE | CHANGED | STOPPED
B3: Last Prescription Date: | H3: Prescribing Doctor:
B4: Brand Name | C4: Composition / Generic | D4: Category | E4: Dose | F4: Timing & Frequency | G4: Route | H4: Start Date | I4: Status | J4: Stop Date | K4: Clinical Notes / Remarks

Sheet 📈 Dashboard
B1: CLINICAL TRENDS DASHBOARD — AUTO-GENERATED FROM DAILY VITALS & LAB RESULTS
B2: Charts auto-update when data is entered in Daily Vitals Log and Lab Results sheets. Review trends at each visit.
B3: ⚠ AUTOMATIC CLINICAL ALERTS ⚠
B4: Latest BP: | C4: =IF(COUNT('📅 Daily Vitals Log'!C4:C113)=0,"ℹ No BP readings entered yet",IF(OR(LOOKUP(2,1/('📅 Daily Vitals Log'!C4:C113<>""),'📅 Daily Vitals Log'!C4:C113)>'⚙ Dashboard Settings'!$I$9,IFERROR(LOOKUP(2,1/('📅 Daily Vitals Log'!D4:D113<>""),'📅 Daily Vitals Log'!D4:D113),0)>'⚙ Dashboard Settings'!$I$11),"🚨 HIGH BP: "&LOOKUP(2,1/('📅 Daily Vitals Log'!C4:C113<>""),'📅 Daily Vitals Log'!C4:C113)&" / "&IFERROR(LOOKUP(2,1/('📅 Daily Vitals Log'!D4:D113<>""),'📅 Daily Vitals Log'!D4:D113),"?")&" mmHg — Contact doctor",IF(LOOKUP(2,1/('📅 Daily Vitals Log'!C4:C113<>""),'📅 Daily Vitals Log'!C4:C113)<'⚙ Dashboard Settings'!$I$10,"🚨 LOW BP: "&LOOKUP(2,1/('📅 Daily Vitals Log'!C4:C113<>""),'📅 Daily Vitals Log'!C4:C113)&" / "&IFERROR(LOOKUP(2,1/('📅 Daily Vitals Log'!D4:D113<>""),'📅 Daily Vitals Log'!D4:D113),"?")&" mmHg — Contact doctor","✅ BP OK"))) -> ℹ No BP readings entered yet
B5: Latest SpO₂: | C5: =IF(COUNT('📅 Daily Vitals Log'!F4:F113)=0,"ℹ No SpO₂ readings entered yet",IF(LOOKUP(2,1/('📅 Daily Vitals Log'!F4:F113<>""),'📅 Daily Vitals Log'!F4:F113)<94,"🚨 LOW SpO₂: "&LOOKUP(2,1/('📅 Daily Vitals Log'!F4:F113<>""),'📅 Daily Vitals Log'!F4:F113)&"% — URGENT","✅ SpO₂ OK")) -> ℹ No SpO₂ readings entered yet
B6: Latest Blood Sugar: | C6: =IF(COUNT('📅 Daily Vitals Log'!M4:M113)=0,"ℹ No blood sugar readings entered yet",IF(LOOKUP(2,1/('📅 Daily Vitals Log'!M4:M113<>""),'📅 Daily Vitals Log'!M4:M113)>'⚙ Dashboard Settings'!$I$7,"⚠ HIGH GLUCOSE: "&LOOKUP(2,1/('📅 Daily Vitals Log'!M4:M113<>""),'📅 Daily Vitals Log'!M4:M113)&" mg/dL","✅ Glucose OK")) -> ℹ No blood sugar readings entered yet
B7: Weight 7d change: | C7: =IFERROR(IF(LOOKUP(2,1/('📅 Daily Vitals Log'!H4:H113<>""),'📅 Daily Vitals Log'!H4:H113)-IFERROR(AVERAGEIFS('📅 Daily Vitals Log'!H:H,'📅 Daily Vitals Log'!B:B,">="&(LOOKUP(2,1/('📅 Daily Vitals Log'!B4:B113<>""),'📅 Daily Vitals Log'!B4:B113)-7),'📅 Daily Vitals Log'!B:B,"<="&(LOOKUP(2,1/('📅 Daily Vitals Log'!B4:B113<>""),'📅 Daily Vitals Log'!B4:B113)-1)),LOOKUP(2,1/('📅 Daily Vitals Log'!H4:H113<>""),'📅 Daily Vitals Log'!H4:H113))>2,"⚠ WEIGHT GAIN +"&TEXT(LOOKUP(2,1/('📅 Daily Vitals Log'!H4:H113<>""),'📅 Daily Vitals Log'!H4:H113)-IFERROR(AVERAGEIFS('📅 Daily Vitals Log'!H:H,'📅 Daily Vitals Log'!B:B,">="&(LOOKUP(2,1/('📅 Daily Vitals Log'!B4:B113<>""),'📅 Daily Vitals Log'!B4:B113)-7),'📅 Daily Vitals Log'!B:B,"<="&(LOOKUP(2,1/('📅 Daily Vitals Log'!B4:B113<>""),'📅 Daily Vitals Log'!B4:B113)-1)),LOOKUP(2,1/('📅 Daily Vitals Log'!H4:H113<>""),'📅 Daily Vitals Log'!H4:H113)),"0.00")&" kg vs prior 7d avg","✅ Weight stable (latest: "&TEXT(LOOKUP(2,1/('📅 Daily Vitals Log'!H4:H113<>""),'📅 Daily Vitals Log'!H4:H113),"0.00")&" kg)"),"—") -> —
B8: Latest Creatinine: | C8: =IF(COUNT('🧪 Lab Results'!G6:Z6)=0,"ℹ No creatinine result entered yet",IF(LOOKUP(2,1/('🧪 Lab Results'!G6:Z6<>""),'🧪 Lab Results'!G6:Z6)>'⚙ Dashboard Settings'!$I$13,"⚠ HIGH CREATININE: "&LOOKUP(2,1/('🧪 Lab Results'!G6:Z6<>""),'🧪 Lab Results'!G6:Z6)&" mg/dL — Review urgently",IF(LOOKUP(2,1/('🧪 Lab Results'!G6:Z6<>""),'🧪 Lab Results'!G6:Z6)>'⚙ Dashboard Settings'!$I$12,"⚠ Borderline Creatinine: "&LOOKUP(2,1/('🧪 Lab Results'!G6:Z6<>""),'🧪 Lab Results'!G6:Z6)&" mg/dL","✅ Creatinine OK"))) -> ℹ No creatinine result entered yet
B9: Latest Tacrolimus: | C9: =IF(COUNT('🧪 Lab Results'!G8:Z8)=0,"ℹ No tacrolimus level entered yet",IF(LOOKUP(2,1/('🧪 Lab Results'!G8:Z8<>""),'🧪 Lab Results'!G8:Z8)<'⚙ Dashboard Settings'!$D$8,"⚠ TAC LOW: "&LOOKUP(2,1/('🧪 Lab Results'!G8:Z8<>""),'🧪 Lab Results'!G8:Z8)&" ng/mL — Sub-therapeutic",IF(LOOKUP(2,1/('🧪 Lab Results'!G8:Z8<>""),'🧪 Lab Results'!G8:Z8)>'⚙ Dashboard Settings'!$E$8,"⚠ TAC HIGH: "&LOOKUP(2,1/('🧪 Lab Results'!G8:Z8<>""),'🧪 Lab Results'!G8:Z8)&" ng/mL — Toxicity risk","✅ Tac level OK"))) -> ℹ No tacrolimus level entered yet
B10: Labs out of range: | C10: =IF(SUMPRODUCT(--('⚙ Dashboard Settings'!$M$6:$M$28>0))=0,"ℹ No lab results entered yet",IF(SUMPRODUCT(--(LEN('⚙ Dashboard Settings'!$L$6:$L$28)>0))=0,"✅ All "&SUMPRODUCT(--('⚙ Dashboard Settings'!$M$6:$M$28>0))&" recorded lab parameters are within your set limits","⚠ "&SUMPRODUCT(--(LEN('⚙ Dashboard Settings'!$L$6:$L$28)>0))&" of "&SUMPRODUCT(--('⚙ Dashboard Settings'!$M$6:$M$28>0))&" recorded lab parameters outside limits: "&'⚙ Dashboard Settings'!$O$28)) -> ℹ No lab results entered yet
B12: 📈 KIDNEY GRAFT & DRUG-LEVEL TRENDS — Creatinine · eGFR · Tacrolimus trough (auto-plotted from 🧪 Lab Results)
B55: 🧪 LAB SNAPSHOT — latest result vs previous, checked against your set limits
B56: ="Latest lab date on file: "&IF(MAX('🧪 Lab Results'!$G$4:$Z$4)=0,"—",TEXT(MAX('🧪 Lab Results'!$G$4:$Z$4),"dd-mmm-yyyy"))&" | Parameters with results: "&SUMPRODUCT(--('⚙ Dashboard Settings'!$M$6:$M$28>0))&" of "&ROWS('⚙ Dashboard Settings'!$M$6:$M$28)&" | Outside limits: "&SUMPRODUCT(--(LEN('⚙ Dashboard Settings'!$L$6:$L$28)>0)) -> Latest lab date on file: — | Parameters with results: 0 of 23 | Outside limits: 0
B57: Parameter | E57: Unit | F57: Latest | G57: Date | H57: Previous | I57: Change | J57: Trend | K57: Normal range | M57: Post-Tx target | O57: Status | P57: Readings | Q57: Frequency
B58: =TRIM('🧪 Lab Results'!$B$6) -> Serum Creatinine | E58: =IF('🧪 Lab Results'!$C$6="","",'🧪 Lab Results'!$C$6) -> mg/dL | F58: =IF('⚙ Dashboard Settings'!$M$6=0,"—",INDEX('🧪 Lab Results'!$G6:$Z6,'⚙ Dashboard Settings'!$M$6-6)) -> — | G58: =IF('⚙ Dashboard Settings'!$M$6=0,"—",IF(INDEX('🧪 Lab Results'!$G$4:$Z$4,'⚙ Dashboard Settings'!$M$6-6)="","no date",INDEX('🧪 Lab Results'!$G$4:$Z$4,'⚙ Dashboard Settings'!$M$6-6))) -> — | H58: =IF('⚙ Dashboard Settings'!$N$6=0,"—",INDEX('🧪 Lab Results'!$G6:$Z6,'⚙ Dashboard Settings'!$N$6-6)) -> — | I58: =IF(AND(ISNUMBER(F58),ISNUMBER(H58)),ROUND(F58-H58,3),"—") -> — | J58: =IF(NOT(ISNUMBER(I58)),"—",IF(H58=0,IF(I58=0,"● Stable",IF(I58>0,"▲ Rising","▼ Falling")),IF(ABS(I58)/ABS(H58)*100<'⚙ Dashboard Settings'!$I$8,"● Stable",IF(I58>0,"▲ Rising","▼ Falling")))) -> — | K58: =IF('🧪 Lab Results'!$D$6="","",'🧪 Lab Results'!$D$6) -> 0.6 – 1.2 | M58: =IF('🧪 Lab Results'!$E$6="","",'🧪 Lab Results'!$E$6) -> Stable baseline | O58: =IF(OR('⚙ Dashboard Settings'!$M$6=0,NOT(ISNUMBER(F58))),"—",IF(AND(ISNUMBER('⚙ Dashboard Settings'!$D$6),F58<'⚙ Dashboard Settings'!$D$6),"▼ LOW",IF(AND(ISNUMBER('⚙ Dashboard Settings'!$E$6),F58>'⚙ Dashboard Settings'!$E$6),"▲ HIGH",IF(AND(NOT(ISNUMBER('⚙ Dashboard Settings'!$D$6)),NOT(ISNUMBER('⚙ Dashboard Settings'!$E$6))),"—","✔ In range")))) -> — | P58: =COUNT('🧪 Lab Results'!$G6:$Z6) -> 0 | Q58: =IF('🧪 Lab Results'!$F$6="","",'🧪 Lab Results'!$F$6) -> Monthly
B59: =TRIM('🧪 Lab Results'!$B$7) -> eGFR | E59: =IF('🧪 Lab Results'!$C$7="","",'🧪 Lab Results'!$C$7) -> mL/min | F59: =IF('⚙ Dashboard Settings'!$M$7=0,"—",INDEX('🧪 Lab Results'!$G7:$Z7,'⚙ Dashboard Settings'!$M$7-6)) -> — | G59: =IF('⚙ Dashboard Settings'!$M$7=0,"—",IF(INDEX('🧪 Lab Results'!$G$4:$Z$4,'⚙ Dashboard Settings'!$M$7-6)="","no date",INDEX('🧪 Lab Results'!$G$4:$Z$4,'⚙ Dashboard Settings'!$M$7-6))) -> — | H59: =IF('⚙ Dashboard Settings'!$N$7=0,"—",INDEX('🧪 Lab Results'!$G7:$Z7,'⚙ Dashboard Settings'!$N$7-6)) -> — | I59: =IF(AND(ISNUMBER(F59),ISNUMBER(H59)),ROUND(F59-H59,3),"—") -> — | J59: =IF(NOT(ISNUMBER(I59)),"—",IF(H59=0,IF(I59=0,"● Stable",IF(I59>0,"▲ Rising","▼ Falling")),IF(ABS(I59)/ABS(H59)*100<'⚙ Dashboard Settings'!$I$8,"● Stable",IF(I59>0,"▲ Rising","▼ Falling")))) -> — | K59: =IF('🧪 Lab Results'!$D$7="","",'🧪 Lab Results'!$D$7) -> ≥ 60 | M59: =IF('🧪 Lab Results'!$E$7="","",'🧪 Lab Results'!$E$7) -> ≥ 45 | O59: =IF(OR('⚙ Dashboard Settings'!$M$7=0,NOT(ISNUMBER(F59))),"—",IF(AND(ISNUMBER('⚙ Dashboard Settings'!$D$7),F59<'⚙ Dashboard Settings'!$D$7),"▼ LOW",IF(AND(ISNUMBER('⚙ Dashboard Settings'!$E$7),F59>'⚙ Dashboard Settings'!$E$7),"▲ HIGH",IF(AND(NOT(ISNUMBER('⚙ Dashboard Settings'!$D$7)),NOT(ISNUMBER('⚙ Dashboard Settings'!$E$7))),"—","✔ In range")))) -> — | P59: =COUNT('🧪 Lab Results'!$G7:$Z7) -> 0 | Q59: =IF('🧪 Lab Results'!$F$7="","",'🧪 Lab Results'!$F$7) -> Monthly
B60: =TRIM('🧪 Lab Results'!$B$8) -> Tacrolimus Trough | E60: =IF('🧪 Lab Results'!$C$8="","",'🧪 Lab Results'!$C$8) -> ng/mL | F60: =IF('⚙ Dashboard Settings'!$M$8=0,"—",INDEX('🧪 Lab Results'!$G8:$Z8,'⚙ Dashboard Settings'!$M$8-6)) -> — | G60: =IF('⚙ Dashboard Settings'!$M$8=0,"—",IF(INDEX('🧪 Lab Results'!$G$4:$Z$4,'⚙ Dashboard Settings'!$M$8-6)="","no date",INDEX('🧪 Lab Results'!$G$4:$Z$4,'⚙ Dashboard Settings'!$M$8-6))) -> — | H60: =IF('⚙ Dashboard Settings'!$N$8=0,"—",INDEX('🧪 Lab Results'!$G8:$Z8,'⚙ Dashboard Settings'!$N$8-6)) -> — | I60: =IF(AND(ISNUMBER(F60),ISNUMBER(H60)),ROUND(F60-H60,3),"—") -> — | J60: =IF(NOT(ISNUMBER(I60)),"—",IF(H60=0,IF(I60=0,"● Stable",IF(I60>0,"▲ Rising","▼ Falling")),IF(ABS(I60)/ABS(H60)*100<'⚙ Dashboard Settings'!$I$8,"● Stable",IF(I60>0,"▲ Rising","▼ Falling")))) -> — | K60: =IF('🧪 Lab Results'!$D$8="","",'🧪 Lab Results'!$D$8) -> — | M60: =IF('🧪 Lab Results'!$E$8="","",'🧪 Lab Results'!$E$8) -> Early: 8–12 | Late: 5–8 | O60: =IF(OR('⚙ Dashboard Settings'!$M$8=0,NOT(ISNUMBER(F60))),"—",IF(AND(ISNUMBER('⚙ Dashboard Settings'!$D$8),F60<'⚙ Dashboard Settings'!$D$8),"▼ LOW",IF(AND(ISNUMBER('⚙ Dashboard Settings'!$E$8),F60>'⚙ Dashboard Settings'!$E$8),"▲ HIGH",IF(AND(NOT(ISNUMBER('⚙ Dashboard Settings'!$D$8)),NOT(ISNUMBER('⚙ Dashboard Settings'!$E$8))),"—","✔ In range")))) -> — | P60: =COUNT('🧪 Lab Results'!$G8:$Z8) -> 0 | Q60: =IF('🧪 Lab Results'!$F$8="","",'🧪 Lab Results'!$F$8) -> Monthly
B61: =TRIM('🧪 Lab Results'!$B$10) -> Calcium (Total) | E61: =IF('🧪 Lab Results'!$C$10="","",'🧪 Lab Results'!$C$10) -> mg/dL | F61: =IF('⚙ Dashboard Settings'!$M$9=0,"—",INDEX('🧪 Lab Results'!$G10:$Z10,'⚙ Dashboard Settings'!$M$9-6)) -> — | G61: =IF('⚙ Dashboard Settings'!$M$9=0,"—",IF(INDEX('🧪 Lab Results'!$G$4:$Z$4,'⚙ Dashboard Settings'!$M$9-6)="","no date",INDEX('🧪 Lab Results'!$G$4:$Z$4,'⚙ Dashboard Settings'!$M$9-6))) -> — | H61: =IF('⚙ Dashboard Settings'!$N$9=0,"—",INDEX('🧪 Lab Results'!$G10:$Z10,'⚙ Dashboard Settings'!$N$9-6)) -> — | I61: =IF(AND(ISNUMBER(F61),ISNUMBER(H61)),ROUND(F61-H61,3),"—") -> — | J61: =IF(NOT(ISNUMBER(I61)),"—",IF(H61=0,IF(I61=0,"● Stable",IF(I61>0,"▲ Rising","▼ Falling")),IF(ABS(I61)/ABS(H61)*100<'⚙ Dashboard Settings'!$I$8,"● Stable",IF(I61>0,"▲ Rising","▼ Falling")))) -> — | K61: =IF('🧪 Lab Results'!$D$10="","",'🧪 Lab Results'!$D$10) -> 8.5 – 10.5 | M61: =IF('🧪 Lab Results'!$E$10="","",'🧪 Lab Results'!$E$10) -> 8.5 – 10.2 | O61: =IF(OR('⚙ Dashboard Settings'!$M$9=0,NOT(ISNUMBER(F61))),"—",IF(AND(ISNUMBER('⚙ Dashboard Settings'!$D$9),F61<'⚙ Dashboard Settings'!$D$9),"▼ LOW",IF(AND(ISNUMBER('⚙ Dashboard Settings'!$E$9),F61>'⚙ Dashboard Settings'!$E$9),"▲ HIGH",IF(AND(NOT(ISNUMBER('⚙ Dashboard Settings'!$D$9)),NOT(ISNUMBER('⚙ Dashboard Settings'!$E$9))),"—","✔ In range")))) -> — | P61: =COUNT('🧪 Lab Results'!$G10:$Z10) -> 0 | Q61: =IF('🧪 Lab Results'!$F$10="","",'🧪 Lab Results'!$F$10) -> Monthly
B62: =TRIM('🧪 Lab Results'!$B$11) -> Phosphorus | E62: =IF('🧪 Lab Results'!$C$11="","",'🧪 Lab Results'!$C$11) -> mg/dL | F62: =IF('⚙ Dashboard Settings'!$M$10=0,"—",INDEX('🧪 Lab Results'!$G11:$Z11,'⚙ Dashboard Settings'!$M$10-6)) -> — | G62: =IF('⚙ Dashboard Settings'!$M$10=0,"—",IF(INDEX('🧪 Lab Results'!$G$4:$Z$4,'⚙ Dashboard Settings'!$M$10-6)="","no date",INDEX('🧪 Lab Results'!$G$4:$Z$4,'⚙ Dashboard Settings'!$M$10-6))) -> — | H62: =IF('⚙ Dashboard Settings'!$N$10=0,"—",INDEX('🧪 Lab Results'!$G11:$Z11,'⚙ Dashboard Settings'!$N$10-6)) -> — | I62: =IF(AND(ISNUMBER(F62),ISNUMBER(H62)),ROUND(F62-H62,3),"—") -> — | J62: =IF(NOT(ISNUMBER(I62)),"—",IF(H62=0,IF(I62=0,"● Stable",IF(I62>0,"▲ Rising","▼ Falling")),IF(ABS(I62)/ABS(H62)*100<'⚙ Dashboard Settings'!$I$8,"● Stable",IF(I62>0,"▲ Rising","▼ Falling")))) -> — | K62: =IF('🧪 Lab Results'!$D$11="","",'🧪 Lab Results'!$D$11) -> 2.5 – 4.5 | M62: =IF('🧪 Lab Results'!$E$11="","",'🧪 Lab Results'!$E$11) -> 2.5 – 4.5 | O62: =IF(OR('⚙ Dashboard Settings'!$M$10=0,NOT(ISNUMBER(F62))),"—",IF(AND(ISNUMBER('⚙ Dashboard Settings'!$D$10),F62<'⚙ Dashboard Settings'!$D$10),"▼ LOW",IF(AND(ISNUMBER('⚙ Dashboard Settings'!$E$10),F62>'⚙ Dashboard Settings'!$E$10),"▲ HIGH",IF(AND(NOT(ISNUMBER('⚙ Dashboard Settings'!$D$10)),NOT(ISNUMBER('⚙ Dashboard Settings'!$E$10))),"—","✔ In range")))) -> — | P62: =COUNT('🧪 Lab Results'!$G11:$Z11) -> 0 | Q62: =IF('🧪 Lab Results'!$F$11="","",'🧪 Lab Results'!$F$11) -> Monthly
B63: =TRIM('🧪 Lab Results'!$B$12) -> Uric Acid | E63: =IF('🧪 Lab Results'!$C$12="","",'🧪 Lab Results'!$C$12) -> mg/dL | F63: =IF('⚙ Dashboard Settings'!$M$11=0,"—",INDEX('🧪 Lab Results'!$G12:$Z12,'⚙ Dashboard Settings'!$M$11-6)) -> — | G63: =IF('⚙ Dashboard Settings'!$M$11=0,"—",IF(INDEX('🧪 Lab Results'!$G$4:$Z$4,'⚙ Dashboard Settings'!$M$11-6)="","no date",INDEX('🧪 Lab Results'!$G$4:$Z$4,'⚙ Dashboard Settings'!$M$11-6))) -> — | H63: =IF('⚙ Dashboard Settings'!$N$11=0,"—",INDEX('🧪 Lab Results'!$G12:$Z12,'⚙ Dashboard Settings'!$N$11-6)) -> — | I63: =IF(AND(ISNUMBER(F63),ISNUMBER(H63)),ROUND(F63-H63,3),"—") -> — | J63: =IF(NOT(ISNUMBER(I63)),"—",IF(H63=0,IF(I63=0,"● Stable",IF(I63>0,"▲ Rising","▼ Falling")),IF(ABS(I63)/ABS(H63)*100<'⚙ Dashboard Settings'!$I$8,"● Stable",IF(I63>0,"▲ Rising","▼ Falling")))) -> — | K63: =IF('🧪 Lab Results'!$D$12="","",'🧪 Lab Results'!$D$12) -> 2.4 – 7.0 | M63: =IF('🧪 Lab Results'!$E$12="","",'🧪 Lab Results'!$E$12) -> < 7.0 | O63: =IF(OR('⚙ Dashboard Settings'!$M$11=0,NOT(ISNUMBER(F63))),"—",IF(AND(ISNUMBER('⚙ Dashboard Settings'!$D$11),F63<'⚙ Dashboard Settings'!$D$11),"▼ LOW",IF(AND(ISNUMBER('⚙ Dashboard Settings'!$E$11),F63>'⚙ Dashboard Settings'!$E$11),"▲ HIGH",IF(AND(NOT(ISNUMBER('⚙ Dashboard Settings'!$D$11)),NOT(ISNUMBER('⚙ Dashboard Settings'!$E$11))),"—","✔ In range")))) -> — | P63: =COUNT('🧪 Lab Results'!$G12:$Z12) -> 0 | Q63: =IF('🧪 Lab Results'!$F$12="","",'🧪 Lab Results'!$F$12) -> Monthly
B64: =TRIM('🧪 Lab Results'!$B$13) -> Potassium | E64: =IF('🧪 Lab Results'!$C$13="","",'🧪 Lab Results'!$C$13) -> mEq/L | F64: =IF('⚙ Dashboard Settings'!$M$12=0,"—",INDEX('🧪 Lab Results'!$G13:$Z13,'⚙ Dashboard Settings'!$M$12-6)) -> — | G64: =IF('⚙ Dashboard Settings'!$M$12=0,"—",IF(INDEX('🧪 Lab Results'!$G$4:$Z$4,'⚙ Dashboard Settings'!$M$12-6)="","no date",INDEX('🧪 Lab Results'!$G$4:$Z$4,'⚙ Dashboard Settings'!$M$12-6))) -> — | H64: =IF('⚙ Dashboard Settings'!$N$12=0,"—",INDEX('🧪 Lab Results'!$G13:$Z13,'⚙ Dashboard Settings'!$N$12-6)) -> — | I64: =IF(AND(ISNUMBER(F64),ISNUMBER(H64)),ROUND(F64-H64,3),"—") -> — | J64: =IF(NOT(ISNUMBER(I64)),"—",IF(H64=0,IF(I64=0,"● Stable",IF(I64>0,"▲ Rising","▼ Falling")),IF(ABS(I64)/ABS(H64)*100<'⚙ Dashboard Settings'!$I$8,"● Stable",IF(I64>0,"▲ Rising","▼ Falling")))) -> — | K64: =IF('🧪 Lab Results'!$D$13="","",'🧪 Lab Results'!$D$13) -> 3.5 – 5.0 | M64: =IF('🧪 Lab Results'!$E$13="","",'🧪 Lab Results'!$E$13) -> 3.5 – 5.0 | O64: =IF(OR('⚙ Dashboard Settings'!$M$12=0,NOT(ISNUMBER(F64))),"—",IF(AND(ISNUMBER('⚙ Dashboard Settings'!$D$12),F64<'⚙ Dashboard Settings'!$D$12),"▼ LOW",IF(AND(ISNUMBER('⚙ Dashboard Settings'!$E$12),F64>'⚙ Dashboard Settings'!$E$12),"▲ HIGH",IF(AND(NOT(ISNUMBER('⚙ Dashboard Settings'!$D$12)),NOT(ISNUMBER('⚙ Dashboard Settings'!$E$12))),"—","✔ In range")))) -> — | P64: =COUNT('🧪 Lab Results'!$G13:$Z13) -> 0 | Q64: =IF('🧪 Lab Results'!$F$13="","",'🧪 Lab Results'!$F$13) -> Monthly
B65: =TRIM('🧪 Lab Results'!$B$14) -> Sodium | E65: =IF('🧪 Lab Results'!$C$14="","",'🧪 Lab Results'!$C$14) -> mEq/L | F65: =IF('⚙ Dashboard Settings'!$M$13=0,"—",INDEX('🧪 Lab Results'!$G14:$Z14,'⚙ Dashboard Settings'!$M$13-6)) -> — | G65: =IF('⚙ Dashboard Settings'!$M$13=0,"—",IF(INDEX('🧪 Lab Results'!$G$4:$Z$4,'⚙ Dashboard Settings'!$M$13-6)="","no date",INDEX('🧪 Lab Results'!$G$4:$Z$4,'⚙ Dashboard Settings'!$M$13-6))) -> — | H65: =IF('⚙ Dashboard Settings'!$N$13=0,"—",INDEX('🧪 Lab Results'!$G14:$Z14,'⚙ Dashboard Settings'!$N$13-6)) -> — | I65: =IF(AND(ISNUMBER(F65),ISNUMBER(H65)),ROUND(F65-H65,3),"—") -> — | J65: =IF(NOT(ISNUMBER(I65)),"—",IF(H65=0,IF(I65=0,"● Stable",IF(I65>0,"▲ Rising","▼ Falling")),IF(ABS(I65)/ABS(H65)*100<'⚙ Dashboard Settings'!$I$8,"● Stable",IF(I65>0,"▲ Rising","▼ Falling")))) -> — | K65: =IF('🧪 Lab Results'!$D$14="","",'🧪 Lab Results'!$D$14) -> 135 – 145 | M65: =IF('🧪 Lab Results'!$E$14="","",'🧪 Lab Results'!$E$14) -> 135 – 145 | O65: =IF(OR('⚙ Dashboard Settings'!$M$13=0,NOT(ISNUMBER(F65))),"—",IF(AND(ISNUMBER('⚙ Dashboard Settings'!$D$13),F65<'⚙ Dashboard Settings'!$D$13),"▼ LOW",IF(AND(ISNUMBER('⚙ Dashboard Settings'!$E$13),F65>'⚙ Dashboard Settings'!$E$13),"▲ HIGH",IF(AND(NOT(ISNUMBER('⚙ Dashboard Settings'!$D$13)),NOT(ISNUMBER('⚙ Dashboard Settings'!$E$13))),"—","✔ In range")))) -> — | P65: =COUNT('🧪 Lab Results'!$G14:$Z14) -> 0 | Q65: =IF('🧪 Lab Results'!$F$14="","",'🧪 Lab Results'!$F$14) -> Monthly
B66: =TRIM('🧪 Lab Results'!$B$15) -> Serum Bicarbonate | E66: =IF('🧪 Lab Results'!$C$15="","",'🧪 Lab Results'!$C$15) -> mEq/L | F66: =IF('⚙ Dashboard Settings'!$M$14=0,"—",INDEX('🧪 Lab Results'!$G15:$Z15,'⚙ Dashboard Settings'!$M$14-6)) -> — | G66: =IF('⚙ Dashboard Settings'!$M$14=0,"—",IF(INDEX('🧪 Lab Results'!$G$4:$Z$4,'⚙ Dashboard Settings'!$M$14-6)="","no date",INDEX('🧪 Lab Results'!$G$4:$Z$4,'⚙ Dashboard Settings'!$M$14-6))) -> — | H66: =IF('⚙ Dashboard Settings'!$N$14=0,"—",INDEX('🧪 Lab Results'!$G15:$Z15,'⚙ Dashboard Settings'!$N$14-6)) -> — | I66: =IF(AND(ISNUMBER(F66),ISNUMBER(H66)),ROUND(F66-H66,3),"—") -> — | J66: =IF(NOT(ISNUMBER(I66)),"—",IF(H66=0,IF(I66=0,"● Stable",IF(I66>0,"▲ Rising","▼ Falling")),IF(ABS(I66)/ABS(H66)*100<'⚙ Dashboard Settings'!$I$8,"● Stable",IF(I66>0,"▲ Rising","▼ Falling")))) -> — | K66: =IF('🧪 Lab Results'!$D$15="","",'🧪 Lab Results'!$D$15) -> 22 – 29 | M66: =IF('🧪 Lab Results'!$E$15="","",'🧪 Lab Results'!$E$15) -> 22 – 29 | O66: =IF(OR('⚙ Dashboard Settings'!$M$14=0,NOT(ISNUMBER(F66))),"—",IF(AND(ISNUMBER('⚙ Dashboard Settings'!$D$14),F66<'⚙ Dashboard Settings'!$D$14),"▼ LOW",IF(AND(ISNUMBER('⚙ Dashboard Settings'!$E$14),F66>'⚙ Dashboard Settings'!$E$14),"▲ HIGH",IF(AND(NOT(ISNUMBER('⚙ Dashboard Settings'!$D$14)),NOT(ISNUMBER('⚙ Dashboard Settings'!$E$14))),"—","✔ In range")))) -> — | P66: =COUNT('🧪 Lab Results'!$G15:$Z15) -> 0 | Q66: =IF('🧪 Lab Results'!$F$15="","",'🧪 Lab Results'!$F$15) -> Monthly
B67: =TRIM('🧪 Lab Results'!$B$17) -> FBS (Fasting Sugar) | E67: =IF('🧪 Lab Results'!$C$17="","",'🧪 Lab Results'!$C$17) -> mg/dL | F67: =IF('⚙ Dashboard Settings'!$M$15=0,"—",INDEX('🧪 Lab Results'!$G17:$Z17,'⚙ Dashboard Settings'!$M$15-6)) -> — | G67: =IF('⚙ Dashboard Settings'!$M$15=0,"—",IF(INDEX('🧪 Lab Results'!$G$4:$Z$4,'⚙ Dashboard Settings'!$M$15-6)="","no date",INDEX('🧪 Lab Results'!$G$4:$Z$4,'⚙ Dashboard Settings'!$M$15-6))) -> — | H67: =IF('⚙ Dashboard Settings'!$N$15=0,"—",INDEX('🧪 Lab Results'!$G17:$Z17,'⚙ Dashboard Settings'!$N$15-6)) -> — | I67: =IF(AND(ISNUMBER(F67),ISNUMBER(H67)),ROUND(F67-H67,3),"—") -> — | J67: =IF(NOT(ISNUMBER(I67)),"—",IF(H67=0,IF(I67=0,"● Stable",IF(I67>0,"▲ Rising","▼ Falling")),IF(ABS(I67)/ABS(H67)*100<'⚙ Dashboard Settings'!$I$8,"● Stable",IF(I67>0,"▲ Rising","▼ Falling")))) -> — | K67: =IF('🧪 Lab Results'!$D$17="","",'🧪 Lab Results'!$D$17) -> 70 – 100 | M67: =IF('🧪 Lab Results'!$E$17="","",'🧪 Lab Results'!$E$17) -> 70 – 126 | O67: =IF(OR('⚙ Dashboard Settings'!$M$15=0,NOT(ISNUMBER(F67))),"—",IF(AND(ISNUMBER('⚙ Dashboard Settings'!$D$15),F67<'⚙ Dashboard Settings'!$D$15),"▼ LOW",IF(AND(ISNUMBER('⚙ Dashboard Settings'!$E$15),F67>'⚙ Dashboard Settings'!$E$15),"▲ HIGH",IF(AND(NOT(ISNUMBER('⚙ Dashboard Settings'!$D$15)),NOT(ISNUMBER('⚙ Dashboard Settings'!$E$15))),"—","✔ In range")))) -> — | P67: =COUNT('🧪 Lab Results'!$G17:$Z17) -> 0 | Q67: =IF('🧪 Lab Results'!$F$17="","",'🧪 Lab Results'!$F$17) -> Monthly
B68: =TRIM('🧪 Lab Results'!$B$18) -> PPBS (Post-meal) | E68: =IF('🧪 Lab Results'!$C$18="","",'🧪 Lab Results'!$C$18) -> mg/dL | F68: =IF('⚙ Dashboard Settings'!$M$16=0,"—",INDEX('🧪 Lab Results'!$G18:$Z18,'⚙ Dashboard Settings'!$M$16-6)) -> — | G68: =IF('⚙ Dashboard Settings'!$M$16=0,"—",IF(INDEX('🧪 Lab Results'!$G$4:$Z$4,'⚙ Dashboard Settings'!$M$16-6)="","no date",INDEX('🧪 Lab Results'!$G$4:$Z$4,'⚙ Dashboard Settings'!$M$16-6))) -> — | H68: =IF('⚙ Dashboard Settings'!$N$16=0,"—",INDEX('🧪 Lab Results'!$G18:$Z18,'⚙ Dashboard Settings'!$N$16-6)) -> — | I68: =IF(AND(ISNUMBER(F68),ISNUMBER(H68)),ROUND(F68-H68,3),"—") -> — | J68: =IF(NOT(ISNUMBER(I68)),"—",IF(H68=0,IF(I68=0,"● Stable",IF(I68>0,"▲ Rising","▼ Falling")),IF(ABS(I68)/ABS(H68)*100<'⚙ Dashboard Settings'!$I$8,"● Stable",IF(I68>0,"▲ Rising","▼ Falling")))) -> — | K68: =IF('🧪 Lab Results'!$D$18="","",'🧪 Lab Results'!$D$18) -> ≤ 140 | M68: =IF('🧪 Lab Results'!$E$18="","",'🧪 Lab Results'!$E$18) -> ≤ 180 | O68: =IF(OR('⚙ Dashboard Settings'!$M$16=0,NOT(ISNUMBER(F68))),"—",IF(AND(ISNUMBER('⚙ Dashboard Settings'!$D$16),F68<'⚙ Dashboard Settings'!$D$16),"▼ LOW",IF(AND(ISNUMBER('⚙ Dashboard Settings'!$E$16),F68>'⚙ Dashboard Settings'!$E$16),"▲ HIGH",IF(AND(NOT(ISNUMBER('⚙ Dashboard Settings'!$D$16)),NOT(ISNUMBER('⚙ Dashboard Settings'!$E$16))),"—","✔ In range")))) -> — | P68: =COUNT('🧪 Lab Results'!$G18:$Z18) -> 0 | Q68: =IF('🧪 Lab Results'!$F$18="","",'🧪 Lab Results'!$F$18) -> Monthly
B69: =TRIM('🧪 Lab Results'!$B$19) -> HbA1c | E69: =IF('🧪 Lab Results'!$C$19="","",'🧪 Lab Results'!$C$19) -> % | F69: =IF('⚙ Dashboard Settings'!$M$17=0,"—",INDEX('🧪 Lab Results'!$G19:$Z19,'⚙ Dashboard Settings'!$M$17-6)) -> — | G69: =IF('⚙ Dashboard Settings'!$M$17=0,"—",IF(INDEX('🧪 Lab Results'!$G$4:$Z$4,'⚙ Dashboard Settings'!$M$17-6)="","no date",INDEX('🧪 Lab Results'!$G$4:$Z$4,'⚙ Dashboard Settings'!$M$17-6))) -> — | H69: =IF('⚙ Dashboard Settings'!$N$17=0,"—",INDEX('🧪 Lab Results'!$G19:$Z19,'⚙ Dashboard Settings'!$N$17-6)) -> — | I69: =IF(AND(ISNUMBER(F69),ISNUMBER(H69)),ROUND(F69-H69,3),"—") -> — | J69: =IF(NOT(ISNUMBER(I69)),"—",IF(H69=0,IF(I69=0,"● Stable",IF(I69>0,"▲ Rising","▼ Falling")),IF(ABS(I69)/ABS(H69)*100<'⚙ Dashboard Settings'!$I$8,"● Stable",IF(I69>0,"▲ Rising","▼ Falling")))) -> — | K69: =IF('🧪 Lab Results'!$D$19="","",'🧪 Lab Results'!$D$19) -> ≤ 5.7 | M69: =IF('🧪 Lab Results'!$E$19="","",'🧪 Lab Results'!$E$19) -> ≤ 7.0 | O69: =IF(OR('⚙ Dashboard Settings'!$M$17=0,NOT(ISNUMBER(F69))),"—",IF(AND(ISNUMBER('⚙ Dashboard Settings'!$D$17),F69<'⚙ Dashboard Settings'!$D$17),"▼ LOW",IF(AND(ISNUMBER('⚙ Dashboard Settings'!$E$17),F69>'⚙ Dashboard Settings'!$E$17),"▲ HIGH",IF(AND(NOT(ISNUMBER('⚙ Dashboard Settings'!$D$17)),NOT(ISNUMBER('⚙ Dashboard Settings'!$E$17))),"—","✔ In range")))) -> — | P69: =COUNT('🧪 Lab Results'!$G19:$Z19) -> 0 | Q69: =IF('🧪 Lab Results'!$F$19="","",'🧪 Lab Results'!$F$19) -> 3-Monthly
B70: =TRIM('🧪 Lab Results'!$B$21) -> Haemoglobin | E70: =IF('🧪 Lab Results'!$C$21="","",'🧪 Lab Results'!$C$21) -> g/dL | F70: =IF('⚙ Dashboard Settings'!$M$18=0,"—",INDEX('🧪 Lab Results'!$G21:$Z21,'⚙ Dashboard Settings'!$M$18-6)) -> — | G70: =IF('⚙ Dashboard Settings'!$M$18=0,"—",IF(INDEX('🧪 Lab Results'!$G$4:$Z$4,'⚙ Dashboard Settings'!$M$18-6)="","no date",INDEX('🧪 Lab Results'!$G$4:$Z$4,'⚙ Dashboard Settings'!$M$18-6))) -> — | H70: =IF('⚙ Dashboard Settings'!$N$18=0,"—",INDEX('🧪 Lab Results'!$G21:$Z21,'⚙ Dashboard Settings'!$N$18-6)) -> — | I70: =IF(AND(ISNUMBER(F70),ISNUMBER(H70)),ROUND(F70-H70,3),"—") -> — | J70: =IF(NOT(ISNUMBER(I70)),"—",IF(H70=0,IF(I70=0,"● Stable",IF(I70>0,"▲ Rising","▼ Falling")),IF(ABS(I70)/ABS(H70)*100<'⚙ Dashboard Settings'!$I$8,"● Stable",IF(I70>0,"▲ Rising","▼ Falling")))) -> — | K70: =IF('🧪 Lab Results'!$D$21="","",'🧪 Lab Results'!$D$21) -> 12 – 17 | M70: =IF('🧪 Lab Results'!$E$21="","",'🧪 Lab Results'!$E$21) -> 11 – 14 | O70: =IF(OR('⚙ Dashboard Settings'!$M$18=0,NOT(ISNUMBER(F70))),"—",IF(AND(ISNUMBER('⚙ Dashboard Settings'!$D$18),F70<'⚙ Dashboard Settings'!$D$18),"▼ LOW",IF(AND(ISNUMBER('⚙ Dashboard Settings'!$E$18),F70>'⚙ Dashboard Settings'!$E$18),"▲ HIGH",IF(AND(NOT(ISNUMBER('⚙ Dashboard Settings'!$D$18)),NOT(ISNUMBER('⚙ Dashboard Settings'!$E$18))),"—","✔ In range")))) -> — | P70: =COUNT('🧪 Lab Results'!$G21:$Z21) -> 0 | Q70: =IF('🧪 Lab Results'!$F$21="","",'🧪 Lab Results'!$F$21) -> Monthly
B71: =TRIM('🧪 Lab Results'!$B$22) -> TLC (WBC) | E71: =IF('🧪 Lab Results'!$C$22="","",'🧪 Lab Results'!$C$22) -> ×10³/μL | F71: =IF('⚙ Dashboard Settings'!$M$19=0,"—",INDEX('🧪 Lab Results'!$G22:$Z22,'⚙ Dashboard Settings'!$M$19-6)) -> — | G71: =IF('⚙ Dashboard Settings'!$M$19=0,"—",IF(INDEX('🧪 Lab Results'!$G$4:$Z$4,'⚙ Dashboard Settings'!$M$19-6)="","no date",INDEX('🧪 Lab Results'!$G$4:$Z$4,'⚙ Dashboard Settings'!$M$19-6))) -> — | H71: =IF('⚙ Dashboard Settings'!$N$19=0,"—",INDEX('🧪 Lab Results'!$G22:$Z22,'⚙ Dashboard Settings'!$N$19-6)) -> — | I71: =IF(AND(ISNUMBER(F71),ISNUMBER(H71)),ROUND(F71-H71,3),"—") -> — | J71: =IF(NOT(ISNUMBER(I71)),"—",IF(H71=0,IF(I71=0,"● Stable",IF(I71>0,"▲ Rising","▼ Falling")),IF(ABS(I71)/ABS(H71)*100<'⚙ Dashboard Settings'!$I$8,"● Stable",IF(I71>0,"▲ Rising","▼ Falling")))) -> — | K71: =IF('🧪 Lab Results'!$D$22="","",'🧪 Lab Results'!$D$22) -> 4 – 11 | M71: =IF('🧪 Lab Results'!$E$22="","",'🧪 Lab Results'!$E$22) -> 4 – 10 | O71: =IF(OR('⚙ Dashboard Settings'!$M$19=0,NOT(ISNUMBER(F71))),"—",IF(AND(ISNUMBER('⚙ Dashboard Settings'!$D$19),F71<'⚙ Dashboard Settings'!$D$19),"▼ LOW",IF(AND(ISNUMBER('⚙ Dashboard Settings'!$E$19),F71>'⚙ Dashboard Settings'!$E$19),"▲ HIGH",IF(AND(NOT(ISNUMBER('⚙ Dashboard Settings'!$D$19)),NOT(ISNUMBER('⚙ Dashboard Settings'!$E$19))),"—","✔ In range")))) -> — | P71: =COUNT('🧪 Lab Results'!$G22:$Z22) -> 0 | Q71: =IF('🧪 Lab Results'!$F$22="","",'🧪 Lab Results'!$F$22) -> Monthly
B72: =TRIM('🧪 Lab Results'!$B$23) -> Platelets | E72: =IF('🧪 Lab Results'!$C$23="","",'🧪 Lab Results'!$C$23) -> ×10³/μL | F72: =IF('⚙ Dashboard Settings'!$M$20=0,"—",INDEX('🧪 Lab Results'!$G23:$Z23,'⚙ Dashboard Settings'!$M$20-6)) -> — | G72: =IF('⚙ Dashboard Settings'!$M$20=0,"—",IF(INDEX('🧪 Lab Results'!$G$4:$Z$4,'⚙ Dashboard Settings'!$M$20-6)="","no date",INDEX('🧪 Lab Results'!$G$4:$Z$4,'⚙ Dashboard Settings'!$M$20-6))) -> — | H72: =IF('⚙ Dashboard Settings'!$N$20=0,"—",INDEX('🧪 Lab Results'!$G23:$Z23,'⚙ Dashboard Settings'!$N$20-6)) -> — | I72: =IF(AND(ISNUMBER(F72),ISNUMBER(H72)),ROUND(F72-H72,3),"—") -> — | J72: =IF(NOT(ISNUMBER(I72)),"—",IF(H72=0,IF(I72=0,"● Stable",IF(I72>0,"▲ Rising","▼ Falling")),IF(ABS(I72)/ABS(H72)*100<'⚙ Dashboard Settings'!$I$8,"● Stable",IF(I72>0,"▲ Rising","▼ Falling")))) -> — | K72: =IF('🧪 Lab Results'!$D$23="","",'🧪 Lab Results'!$D$23) -> 150 – 400 | M72: =IF('🧪 Lab Results'!$E$23="","",'🧪 Lab Results'!$E$23) -> 150 – 350 | O72: =IF(OR('⚙ Dashboard Settings'!$M$20=0,NOT(ISNUMBER(F72))),"—",IF(AND(ISNUMBER('⚙ Dashboard Settings'!$D$20),F72<'⚙ Dashboard Settings'!$D$20),"▼ LOW",IF(AND(ISNUMBER('⚙ Dashboard Settings'!$E$20),F72>'⚙ Dashboard Settings'!$E$20),"▲ HIGH",IF(AND(NOT(ISNUMBER('⚙ Dashboard Settings'!$D$20)),NOT(ISNUMBER('⚙ Dashboard Settings'!$E$20))),"—","✔ In range")))) -> — | P72: =COUNT('🧪 Lab Results'!$G23:$Z23) -> 0 | Q72: =IF('🧪 Lab Results'!$F$23="","",'🧪 Lab Results'!$F$23) -> Monthly
B73: =TRIM('🧪 Lab Results'!$B$25) -> Serum Albumin | E73: =IF('🧪 Lab Results'!$C$25="","",'🧪 Lab Results'!$C$25) -> g/dL | F73: =IF('⚙ Dashboard Settings'!$M$21=0,"—",INDEX('🧪 Lab Results'!$G25:$Z25,'⚙ Dashboard Settings'!$M$21-6)) -> — | G73: =IF('⚙ Dashboard Settings'!$M$21=0,"—",IF(INDEX('🧪 Lab Results'!$G$4:$Z$4,'⚙ Dashboard Settings'!$M$21-6)="","no date",INDEX('🧪 Lab Results'!$G$4:$Z$4,'⚙ Dashboard Settings'!$M$21-6))) -> — | H73: =IF('⚙ Dashboard Settings'!$N$21=0,"—",INDEX('🧪 Lab Results'!$G25:$Z25,'⚙ Dashboard Settings'!$N$21-6)) -> — | I73: =IF(AND(ISNUMBER(F73),ISNUMBER(H73)),ROUND(F73-H73,3),"—") -> — | J73: =IF(NOT(ISNUMBER(I73)),"—",IF(H73=0,IF(I73=0,"● Stable",IF(I73>0,"▲ Rising","▼ Falling")),IF(ABS(I73)/ABS(H73)*100<'⚙ Dashboard Settings'!$I$8,"● Stable",IF(I73>0,"▲ Rising","▼ Falling")))) -> — | K73: =IF('🧪 Lab Results'!$D$25="","",'🧪 Lab Results'!$D$25) -> 3.5 – 5.0 | M73: =IF('🧪 Lab Results'!$E$25="","",'🧪 Lab Results'!$E$25) -> 3.5 – 5.0 | O73: =IF(OR('⚙ Dashboard Settings'!$M$21=0,NOT(ISNUMBER(F73))),"—",IF(AND(ISNUMBER('⚙ Dashboard Settings'!$D$21),F73<'⚙ Dashboard Settings'!$D$21),"▼ LOW",IF(AND(ISNUMBER('⚙ Dashboard Settings'!$E$21),F73>'⚙ Dashboard Settings'!$E$21),"▲ HIGH",IF(AND(NOT(ISNUMBER('⚙ Dashboard Settings'!$D$21)),NOT(ISNUMBER('⚙ Dashboard Settings'!$E$21))),"—","✔ In range")))) -> — | P73: =COUNT('🧪 Lab Results'!$G25:$Z25) -> 0 | Q73: =IF('🧪 Lab Results'!$F$25="","",'🧪 Lab Results'!$F$25) -> Monthly
B74: =TRIM('🧪 Lab Results'!$B$26) -> Total Bilirubin | E74: =IF('🧪 Lab Results'!$C$26="","",'🧪 Lab Results'!$C$26) -> mg/dL | F74: =IF('⚙ Dashboard Settings'!$M$22=0,"—",INDEX('🧪 Lab Results'!$G26:$Z26,'⚙ Dashboard Settings'!$M$22-6)) -> — | G74: =IF('⚙ Dashboard Settings'!$M$22=0,"—",IF(INDEX('🧪 Lab Results'!$G$4:$Z$4,'⚙ Dashboard Settings'!$M$22-6)="","no date",INDEX('🧪 Lab Results'!$G$4:$Z$4,'⚙ Dashboard Settings'!$M$22-6))) -> — | H74: =IF('⚙ Dashboard Settings'!$N$22=0,"—",INDEX('🧪 Lab Results'!$G26:$Z26,'⚙ Dashboard Settings'!$N$22-6)) -> — | I74: =IF(AND(ISNUMBER(F74),ISNUMBER(H74)),ROUND(F74-H74,3),"—") -> — | J74: =IF(NOT(ISNUMBER(I74)),"—",IF(H74=0,IF(I74=0,"● Stable",IF(I74>0,"▲ Rising","▼ Falling")),IF(ABS(I74)/ABS(H74)*100<'⚙ Dashboard Settings'!$I$8,"● Stable",IF(I74>0,"▲ Rising","▼ Falling")))) -> — | K74: =IF('🧪 Lab Results'!$D$26="","",'🧪 Lab Results'!$D$26) -> ≤ 1.2 | M74: =IF('🧪 Lab Results'!$E$26="","",'🧪 Lab Results'!$E$26) -> ≤ 1.2 | O74: =IF(OR('⚙ Dashboard Settings'!$M$22=0,NOT(ISNUMBER(F74))),"—",IF(AND(ISNUMBER('⚙ Dashboard Settings'!$D$22),F74<'⚙ Dashboard Settings'!$D$22),"▼ LOW",IF(AND(ISNUMBER('⚙ Dashboard Settings'!$E$22),F74>'⚙ Dashboard Settings'!$E$22),"▲ HIGH",IF(AND(NOT(ISNUMBER('⚙ Dashboard Settings'!$D$22)),NOT(ISNUMBER('⚙ Dashboard Settings'!$E$22))),"—","✔ In range")))) -> — | P74: =COUNT('🧪 Lab Results'!$G26:$Z26) -> 0 | Q74: =IF('🧪 Lab Results'!$F$26="","",'🧪 Lab Results'!$F$26) -> 3-Monthly
B75: =TRIM('🧪 Lab Results'!$B$27) -> SGOT / AST | E75: =IF('🧪 Lab Results'!$C$27="","",'🧪 Lab Results'!$C$27) -> U/L | F75: =IF('⚙ Dashboard Settings'!$M$23=0,"—",INDEX('🧪 Lab Results'!$G27:$Z27,'⚙ Dashboard Settings'!$M$23-6)) -> — | G75: =IF('⚙ Dashboard Settings'!$M$23=0,"—",IF(INDEX('🧪 Lab Results'!$G$4:$Z$4,'⚙ Dashboard Settings'!$M$23-6)="","no date",INDEX('🧪 Lab Results'!$G$4:$Z$4,'⚙ Dashboard Settings'!$M$23-6))) -> — | H75: =IF('⚙ Dashboard Settings'!$N$23=0,"—",INDEX('🧪 Lab Results'!$G27:$Z27,'⚙ Dashboard Settings'!$N$23-6)) -> — | I75: =IF(AND(ISNUMBER(F75),ISNUMBER(H75)),ROUND(F75-H75,3),"—") -> — | J75: =IF(NOT(ISNUMBER(I75)),"—",IF(H75=0,IF(I75=0,"● Stable",IF(I75>0,"▲ Rising","▼ Falling")),IF(ABS(I75)/ABS(H75)*100<'⚙ Dashboard Settings'!$I$8,"● Stable",IF(I75>0,"▲ Rising","▼ Falling")))) -> — | K75: =IF('🧪 Lab Results'!$D$27="","",'🧪 Lab Results'!$D$27) -> ≤ 40 | M75: =IF('🧪 Lab Results'!$E$27="","",'🧪 Lab Results'!$E$27) -> ≤ 40 | O75: =IF(OR('⚙ Dashboard Settings'!$M$23=0,NOT(ISNUMBER(F75))),"—",IF(AND(ISNUMBER('⚙ Dashboard Settings'!$D$23),F75<'⚙ Dashboard Settings'!$D$23),"▼ LOW",IF(AND(ISNUMBER('⚙ Dashboard Settings'!$E$23),F75>'⚙ Dashboard Settings'!$E$23),"▲ HIGH",IF(AND(NOT(ISNUMBER('⚙ Dashboard Settings'!$D$23)),NOT(ISNUMBER('⚙ Dashboard Settings'!$E$23))),"—","✔ In range")))) -> — | P75: =COUNT('🧪 Lab Results'!$G27:$Z27) -> 0 | Q75: =IF('🧪 Lab Results'!$F$27="","",'🧪 Lab Results'!$F$27) -> 3-Monthly
B76: =TRIM('🧪 Lab Results'!$B$28) -> SGPT / ALT | E76: =IF('🧪 Lab Results'!$C$28="","",'🧪 Lab Results'!$C$28) -> U/L | F76: =IF('⚙ Dashboard Settings'!$M$24=0,"—",INDEX('🧪 Lab Results'!$G28:$Z28,'⚙ Dashboard Settings'!$M$24-6)) -> — | G76: =IF('⚙ Dashboard Settings'!$M$24=0,"—",IF(INDEX('🧪 Lab Results'!$G$4:$Z$4,'⚙ Dashboard Settings'!$M$24-6)="","no date",INDEX('🧪 Lab Results'!$G$4:$Z$4,'⚙ Dashboard Settings'!$M$24-6))) -> — | H76: =IF('⚙ Dashboard Settings'!$N$24=0,"—",INDEX('🧪 Lab Results'!$G28:$Z28,'⚙ Dashboard Settings'!$N$24-6)) -> — | I76: =IF(AND(ISNUMBER(F76),ISNUMBER(H76)),ROUND(F76-H76,3),"—") -> — | J76: =IF(NOT(ISNUMBER(I76)),"—",IF(H76=0,IF(I76=0,"● Stable",IF(I76>0,"▲ Rising","▼ Falling")),IF(ABS(I76)/ABS(H76)*100<'⚙ Dashboard Settings'!$I$8,"● Stable",IF(I76>0,"▲ Rising","▼ Falling")))) -> — | K76: =IF('🧪 Lab Results'!$D$28="","",'🧪 Lab Results'!$D$28) -> ≤ 56 | M76: =IF('🧪 Lab Results'!$E$28="","",'🧪 Lab Results'!$E$28) -> ≤ 56 | O76: =IF(OR('⚙ Dashboard Settings'!$M$24=0,NOT(ISNUMBER(F76))),"—",IF(AND(ISNUMBER('⚙ Dashboard Settings'!$D$24),F76<'⚙ Dashboard Settings'!$D$24),"▼ LOW",IF(AND(ISNUMBER('⚙ Dashboard Settings'!$E$24),F76>'⚙ Dashboard Settings'!$E$24),"▲ HIGH",IF(AND(NOT(ISNUMBER('⚙ Dashboard Settings'!$D$24)),NOT(ISNUMBER('⚙ Dashboard Settings'!$E$24))),"—","✔ In range")))) -> — | P76: =COUNT('🧪 Lab Results'!$G28:$Z28) -> 0 | Q76: =IF('🧪 Lab Results'!$F$28="","",'🧪 Lab Results'!$F$28) -> 3-Monthly
B77: =TRIM('🧪 Lab Results'!$B$29) -> Lipid Profile (LDL) | E77: =IF('🧪 Lab Results'!$C$29="","",'🧪 Lab Results'!$C$29) -> mg/dL | F77: =IF('⚙ Dashboard Settings'!$M$25=0,"—",INDEX('🧪 Lab Results'!$G29:$Z29,'⚙ Dashboard Settings'!$M$25-6)) -> — | G77: =IF('⚙ Dashboard Settings'!$M$25=0,"—",IF(INDEX('🧪 Lab Results'!$G$4:$Z$4,'⚙ Dashboard Settings'!$M$25-6)="","no date",INDEX('🧪 Lab Results'!$G$4:$Z$4,'⚙ Dashboard Settings'!$M$25-6))) -> — | H77: =IF('⚙ Dashboard Settings'!$N$25=0,"—",INDEX('🧪 Lab Results'!$G29:$Z29,'⚙ Dashboard Settings'!$N$25-6)) -> — | I77: =IF(AND(ISNUMBER(F77),ISNUMBER(H77)),ROUND(F77-H77,3),"—") -> — | J77: =IF(NOT(ISNUMBER(I77)),"—",IF(H77=0,IF(I77=0,"● Stable",IF(I77>0,"▲ Rising","▼ Falling")),IF(ABS(I77)/ABS(H77)*100<'⚙ Dashboard Settings'!$I$8,"● Stable",IF(I77>0,"▲ Rising","▼ Falling")))) -> — | K77: =IF('🧪 Lab Results'!$D$29="","",'🧪 Lab Results'!$D$29) -> ≤ 100 | M77: =IF('🧪 Lab Results'!$E$29="","",'🧪 Lab Results'!$E$29) -> ≤ 100 | O77: =IF(OR('⚙ Dashboard Settings'!$M$25=0,NOT(ISNUMBER(F77))),"—",IF(AND(ISNUMBER('⚙ Dashboard Settings'!$D$25),F77<'⚙ Dashboard Settings'!$D$25),"▼ LOW",IF(AND(ISNUMBER('⚙ Dashboard Settings'!$E$25),F77>'⚙ Dashboard Settings'!$E$25),"▲ HIGH",IF(AND(NOT(ISNUMBER('⚙ Dashboard Settings'!$D$25)),NOT(ISNUMBER('⚙ Dashboard Settings'!$E$25))),"—","✔ In range")))) -> — | P77: =COUNT('🧪 Lab Results'!$G29:$Z29) -> 0 | Q77: =IF('🧪 Lab Results'!$F$29="","",'🧪 Lab Results'!$F$29) -> 3-Monthly
B78: =TRIM('🧪 Lab Results'!$B$31) -> Vitamin D (25-OH) | E78: =IF('🧪 Lab Results'!$C$31="","",'🧪 Lab Results'!$C$31) -> ng/mL | F78: =IF('⚙ Dashboard Settings'!$M$26=0,"—",INDEX('🧪 Lab Results'!$G31:$Z31,'⚙ Dashboard Settings'!$M$26-6)) -> — | G78: =IF('⚙ Dashboard Settings'!$M$26=0,"—",IF(INDEX('🧪 Lab Results'!$G$4:$Z$4,'⚙ Dashboard Settings'!$M$26-6)="","no date",INDEX('🧪 Lab Results'!$G$4:$Z$4,'⚙ Dashboard Settings'!$M$26-6))) -> — | H78: =IF('⚙ Dashboard Settings'!$N$26=0,"—",INDEX('🧪 Lab Results'!$G31:$Z31,'⚙ Dashboard Settings'!$N$26-6)) -> — | I78: =IF(AND(ISNUMBER(F78),ISNUMBER(H78)),ROUND(F78-H78,3),"—") -> — | J78: =IF(NOT(ISNUMBER(I78)),"—",IF(H78=0,IF(I78=0,"● Stable",IF(I78>0,"▲ Rising","▼ Falling")),IF(ABS(I78)/ABS(H78)*100<'⚙ Dashboard Settings'!$I$8,"● Stable",IF(I78>0,"▲ Rising","▼ Falling")))) -> — | K78: =IF('🧪 Lab Results'!$D$31="","",'🧪 Lab Results'!$D$31) -> 30 – 100 | M78: =IF('🧪 Lab Results'!$E$31="","",'🧪 Lab Results'!$E$31) -> 30 – 100 | O78: =IF(OR('⚙ Dashboard Settings'!$M$26=0,NOT(ISNUMBER(F78))),"—",IF(AND(ISNUMBER('⚙ Dashboard Settings'!$D$26),F78<'⚙ Dashboard Settings'!$D$26),"▼ LOW",IF(AND(ISNUMBER('⚙ Dashboard Settings'!$E$26),F78>'⚙ Dashboard Settings'!$E$26),"▲ HIGH",IF(AND(NOT(ISNUMBER('⚙ Dashboard Settings'!$D$26)),NOT(ISNUMBER('⚙ Dashboard Settings'!$E$26))),"—","✔ In range")))) -> — | P78: =COUNT('🧪 Lab Results'!$G31:$Z31) -> 0 | Q78: =IF('🧪 Lab Results'!$F$31="","",'🧪 Lab Results'!$F$31) -> 3-Monthly
B79: =TRIM('🧪 Lab Results'!$B$38) -> Urine PCR (UACR) | E79: =IF('🧪 Lab Results'!$C$38="","",'🧪 Lab Results'!$C$38) -> mg/g | F79: =IF('⚙ Dashboard Settings'!$M$27=0,"—",INDEX('🧪 Lab Results'!$G38:$Z38,'⚙ Dashboard Settings'!$M$27-6)) -> — | G79: =IF('⚙ Dashboard Settings'!$M$27=0,"—",IF(INDEX('🧪 Lab Results'!$G$4:$Z$4,'⚙ Dashboard Settings'!$M$27-6)="","no date",INDEX('🧪 Lab Results'!$G$4:$Z$4,'⚙ Dashboard Settings'!$M$27-6))) -> — | H79: =IF('⚙ Dashboard Settings'!$N$27=0,"—",INDEX('🧪 Lab Results'!$G38:$Z38,'⚙ Dashboard Settings'!$N$27-6)) -> — | I79: =IF(AND(ISNUMBER(F79),ISNUMBER(H79)),ROUND(F79-H79,3),"—") -> — | J79: =IF(NOT(ISNUMBER(I79)),"—",IF(H79=0,IF(I79=0,"● Stable",IF(I79>0,"▲ Rising","▼ Falling")),IF(ABS(I79)/ABS(H79)*100<'⚙ Dashboard Settings'!$I$8,"● Stable",IF(I79>0,"▲ Rising","▼ Falling")))) -> — | K79: =IF('🧪 Lab Results'!$D$38="","",'🧪 Lab Results'!$D$38) -> < 150 | M79: =IF('🧪 Lab Results'!$E$38="","",'🧪 Lab Results'!$E$38) -> < 300 | O79: =IF(OR('⚙ Dashboard Settings'!$M$27=0,NOT(ISNUMBER(F79))),"—",IF(AND(ISNUMBER('⚙ Dashboard Settings'!$D$27),F79<'⚙ Dashboard Settings'!$D$27),"▼ LOW",IF(AND(ISNUMBER('⚙ Dashboard Settings'!$E$27),F79>'⚙ Dashboard Settings'!$E$27),"▲ HIGH",IF(AND(NOT(ISNUMBER('⚙ Dashboard Settings'!$D$27)),NOT(ISNUMBER('⚙ Dashboard Settings'!$E$27))),"—","✔ In range")))) -> — | P79: =COUNT('🧪 Lab Results'!$G38:$Z38) -> 0 | Q79: =IF('🧪 Lab Results'!$F$38="","",'🧪 Lab Results'!$F$38) -> Monthly
B80: =TRIM('🧪 Lab Results'!$B$39) -> 24h Urine Protein | E80: =IF('🧪 Lab Results'!$C$39="","",'🧪 Lab Results'!$C$39) -> mg/24h | F80: =IF('⚙ Dashboard Settings'!$M$28=0,"—",INDEX('🧪 Lab Results'!$G39:$Z39,'⚙ Dashboard Settings'!$M$28-6)) -> — | G80: =IF('⚙ Dashboard Settings'!$M$28=0,"—",IF(INDEX('🧪 Lab Results'!$G$4:$Z$4,'⚙ Dashboard Settings'!$M$28-6)="","no date",INDEX('🧪 Lab Results'!$G$4:$Z$4,'⚙ Dashboard Settings'!$M$28-6))) -> — | H80: =IF('⚙ Dashboard Settings'!$N$28=0,"—",INDEX('🧪 Lab Results'!$G39:$Z39,'⚙ Dashboard Settings'!$N$28-6)) -> — | I80: =IF(AND(ISNUMBER(F80),ISNUMBER(H80)),ROUND(F80-H80,3),"—") -> — | J80: =IF(NOT(ISNUMBER(I80)),"—",IF(H80=0,IF(I80=0,"● Stable",IF(I80>0,"▲ Rising","▼ Falling")),IF(ABS(I80)/ABS(H80)*100<'⚙ Dashboard Settings'!$I$8,"● Stable",IF(I80>0,"▲ Rising","▼ Falling")))) -> — | K80: =IF('🧪 Lab Results'!$D$39="","",'🧪 Lab Results'!$D$39) -> < 150 | M80: =IF('🧪 Lab Results'!$E$39="","",'🧪 Lab Results'!$E$39) -> < 300 | O80: =IF(OR('⚙ Dashboard Settings'!$M$28=0,NOT(ISNUMBER(F80))),"—",IF(AND(ISNUMBER('⚙ Dashboard Settings'!$D$28),F80<'⚙ Dashboard Settings'!$D$28),"▼ LOW",IF(AND(ISNUMBER('⚙ Dashboard Settings'!$E$28),F80>'⚙ Dashboard Settings'!$E$28),"▲ HIGH",IF(AND(NOT(ISNUMBER('⚙ Dashboard Settings'!$D$28)),NOT(ISNUMBER('⚙ Dashboard Settings'!$E$28))),"—","✔ In range")))) -> — | P80: =COUNT('🧪 Lab Results'!$G39:$Z39) -> 0 | Q80: =IF('🧪 Lab Results'!$F$39="","",'🧪 Lab Results'!$F$39) -> If indicated
B81: Qualitative / PCR tests | E81: Unit | F81: Latest result | I81: Date | J81: Previous result | L81: Post-Tx target | O81: Status | P81: Frequency
B82: =TRIM('🧪 Lab Results'!$B$32) -> BKV PCR | E82: =IF('🧪 Lab Results'!$C$32="","",'🧪 Lab Results'!$C$32) -> copies/mL | F82: =IF('⚙ Dashboard Settings'!$M$29=0,"—",INDEX('🧪 Lab Results'!$G32:$Z32,'⚙ Dashboard Settings'!$M$29-6)) -> — | I82: =IF('⚙ Dashboard Settings'!$M$29=0,"—",IF(INDEX('🧪 Lab Results'!$G$4:$Z$4,'⚙ Dashboard Settings'!$M$29-6)="","no date",INDEX('🧪 Lab Results'!$G$4:$Z$4,'⚙ Dashboard Settings'!$M$29-6))) -> — | J82: =IF('⚙ Dashboard Settings'!$N$29=0,"—",INDEX('🧪 Lab Results'!$G32:$Z32,'⚙ Dashboard Settings'!$N$29-6)) -> — | L82: =IF('🧪 Lab Results'!$E$32="","",'🧪 Lab Results'!$E$32) -> < 10,000 | O82: =IF('⚙ Dashboard Settings'!$M$29=0,"—","Doctor review") -> — | P82: =IF('🧪 Lab Results'!$F$32="","",'🧪 Lab Results'!$F$32) -> Monthly × 9m then 3m
B83: =TRIM('🧪 Lab Results'!$B$33) -> CMV PCR | E83: =IF('🧪 Lab Results'!$C$33="","",'🧪 Lab Results'!$C$33) -> copies/mL | F83: =IF('⚙ Dashboard Settings'!$M$30=0,"—",INDEX('🧪 Lab Results'!$G33:$Z33,'⚙ Dashboard Settings'!$M$30-6)) -> — | I83: =IF('⚙ Dashboard Settings'!$M$30=0,"—",IF(INDEX('🧪 Lab Results'!$G$4:$Z$4,'⚙ Dashboard Settings'!$M$30-6)="","no date",INDEX('🧪 Lab Results'!$G$4:$Z$4,'⚙ Dashboard Settings'!$M$30-6))) -> — | J83: =IF('⚙ Dashboard Settings'!$N$30=0,"—",INDEX('🧪 Lab Results'!$G33:$Z33,'⚙ Dashboard Settings'!$N$30-6)) -> — | L83: =IF('🧪 Lab Results'!$E$33="","",'🧪 Lab Results'!$E$33) -> Undetectable | O83: =IF('⚙ Dashboard Settings'!$M$30=0,"—","Doctor review") -> — | P83: =IF('🧪 Lab Results'!$F$33="","",'🧪 Lab Results'!$F$33) -> Monthly × 6m
B84: =TRIM('🧪 Lab Results'!$B$35) -> Urine RE (Protein) | E84: =IF('🧪 Lab Results'!$C$35="","",'🧪 Lab Results'!$C$35) -> – | F84: =IF('⚙ Dashboard Settings'!$M$31=0,"—",INDEX('🧪 Lab Results'!$G35:$Z35,'⚙ Dashboard Settings'!$M$31-6)) -> — | I84: =IF('⚙ Dashboard Settings'!$M$31=0,"—",IF(INDEX('🧪 Lab Results'!$G$4:$Z$4,'⚙ Dashboard Settings'!$M$31-6)="","no date",INDEX('🧪 Lab Results'!$G$4:$Z$4,'⚙ Dashboard Settings'!$M$31-6))) -> — | J84: =IF('⚙ Dashboard Settings'!$N$31=0,"—",INDEX('🧪 Lab Results'!$G35:$Z35,'⚙ Dashboard Settings'!$N$31-6)) -> — | L84: =IF('🧪 Lab Results'!$E$35="","",'🧪 Lab Results'!$E$35) -> Nil / Trace | O84: =IF('⚙ Dashboard Settings'!$M$31=0,"—","Doctor review") -> — | P84: =IF('🧪 Lab Results'!$F$35="","",'🧪 Lab Results'!$F$35) -> Monthly
B85: =TRIM('🧪 Lab Results'!$B$36) -> Urine RE (RBC/WBC) | E85: =IF('🧪 Lab Results'!$C$36="","",'🧪 Lab Results'!$C$36) -> cells/hpf | F85: =IF('⚙ Dashboard Settings'!$M$32=0,"—",INDEX('🧪 Lab Results'!$G36:$Z36,'⚙ Dashboard Settings'!$M$32-6)) -> — | I85: =IF('⚙ Dashboard Settings'!$M$32=0,"—",IF(INDEX('🧪 Lab Results'!$G$4:$Z$4,'⚙ Dashboard Settings'!$M$32-6)="","no date",INDEX('🧪 Lab Results'!$G$4:$Z$4,'⚙ Dashboard Settings'!$M$32-6))) -> — | J85: =IF('⚙ Dashboard Settings'!$N$32=0,"—",INDEX('🧪 Lab Results'!$G36:$Z36,'⚙ Dashboard Settings'!$N$32-6)) -> — | L85: =IF('🧪 Lab Results'!$E$36="","",'🧪 Lab Results'!$E$36) -> ≤ 5 | O85: =IF('⚙ Dashboard Settings'!$M$32=0,"—","Doctor review") -> — | P85: =IF('🧪 Lab Results'!$F$36="","",'🧪 Lab Results'!$F$36) -> Monthly
B86: =TRIM('🧪 Lab Results'!$B$37) -> Urine C/S | E86: =IF('🧪 Lab Results'!$C$37="","",'🧪 Lab Results'!$C$37) -> – | F86: =IF('⚙ Dashboard Settings'!$M$33=0,"—",INDEX('🧪 Lab Results'!$G37:$Z37,'⚙ Dashboard Settings'!$M$33-6)) -> — | I86: =IF('⚙ Dashboard Settings'!$M$33=0,"—",IF(INDEX('🧪 Lab Results'!$G$4:$Z$4,'⚙ Dashboard Settings'!$M$33-6)="","no date",INDEX('🧪 Lab Results'!$G$4:$Z$4,'⚙ Dashboard Settings'!$M$33-6))) -> — | J86: =IF('⚙ Dashboard Settings'!$N$33=0,"—",INDEX('🧪 Lab Results'!$G37:$Z37,'⚙ Dashboard Settings'!$N$33-6)) -> — | L86: =IF('🧪 Lab Results'!$E$37="","",'🧪 Lab Results'!$E$37) -> No Growth | O86: =IF('⚙ Dashboard Settings'!$M$33=0,"—","Doctor review") -> — | P86: =IF('🧪 Lab Results'!$F$37="","",'🧪 Lab Results'!$F$37) -> If symptomatic
B87: How to read: Status compares the latest value with the Low / High limits in ⚙ Dashboard Settings (editable). Trend compares the latest with the previous reading. The Date column shows when each value was last tested - older values may be out of date. Enter lab dates oldest to newest, left to right, in Lab Results (out-of-order dates are blocked). This is a decision-support summary only; the treating doctor interprets the results.
B89: 🏠 DAILY HOME VITALS — Weight · Urine Output · Blood Pressure · SpO₂ (auto-plotted from 📅 Daily Vitals Log, 95-day book)
B162: 🩸 FASTING BLOOD SUGAR — 30-day summary and trend (from 📅 Daily Vitals Log)
B163: ="Daily fasting readings. Target "&'⚙ Dashboard Settings'!$I$5&"–"&'⚙ Dashboard Settings'!$I$6&" mg/dL; alert above "&'⚙ Dashboard Settings'!$I$7&" mg/dL (edit in ⚙ Dashboard Settings). 7- and 30-day windows end at the latest logged date"&IF(MAX('📅 Daily Vitals Log'!$B$4:$B$113)=0,"."," ("&TEXT(MAX('📅 Daily Vitals Log'!$B$4:$B$113),"dd-mmm-yyyy")&").") -> Daily fasting readings. Target 70–126 mg/dL; alert above 180 mg/dL (edit in ⚙ Dashboard Settings). 7- and 30-day windows end at the latest logged date.
B164: Latest fasting (mg/dL) | D164: 7-day average (mg/dL) | F164: 30-day average (mg/dL) | H164: ="% in target "&'⚙ Dashboard Settings'!$I$5&"–"&'⚙ Dashboard Settings'!$I$6&" (30 d)" -> % in target 70–126 (30 d) | J164: ="Readings above "&'⚙ Dashboard Settings'!$I$7&" (30 d)" -> Readings above 180 (30 d) | L164: ="Readings below "&'⚙ Dashboard Settings'!$I$5&" (30 d)" -> Readings below 70 (30 d) | N164: Readings logged (30 d) | P164: Latest HbA1c (lab)
B165: =IFERROR(LOOKUP(2,1/('📅 Daily Vitals Log'!$M$4:$M$113<>""),'📅 Daily Vitals Log'!$M$4:$M$113),"—") -> — | D165: =IFERROR(ROUND(AVERAGEIFS('📅 Daily Vitals Log'!$M$4:$M$113,'📅 Daily Vitals Log'!$B$4:$B$113,">"&MAX('📅 Daily Vitals Log'!$B$4:$B$113)-7,'📅 Daily Vitals Log'!$B$4:$B$113,"<="&MAX('📅 Daily Vitals Log'!$B$4:$B$113),'📅 Daily Vitals Log'!$M$4:$M$113,">0"),0),"—") -> — | F165: =IFERROR(ROUND(AVERAGEIFS('📅 Daily Vitals Log'!$M$4:$M$113,'📅 Daily Vitals Log'!$B$4:$B$113,">"&MAX('📅 Daily Vitals Log'!$B$4:$B$113)-30,'📅 Daily Vitals Log'!$B$4:$B$113,"<="&MAX('📅 Daily Vitals Log'!$B$4:$B$113),'📅 Daily Vitals Log'!$M$4:$M$113,">0"),0),"—") -> — | H165: =IFERROR(COUNTIFS('📅 Daily Vitals Log'!$B$4:$B$113,">"&MAX('📅 Daily Vitals Log'!$B$4:$B$113)-30,'📅 Daily Vitals Log'!$B$4:$B$113,"<="&MAX('📅 Daily Vitals Log'!$B$4:$B$113),'📅 Daily Vitals Log'!$M$4:$M$113,">="&'⚙ Dashboard Settings'!$I$5,'📅 Daily Vitals Log'!$M$4:$M$113,"<="&'⚙ Dashboard Settings'!$I$6)/COUNTIFS('📅 Daily Vitals Log'!$B$4:$B$113,">"&MAX('📅 Daily Vitals Log'!$B$4:$B$113)-30,'📅 Daily Vitals Log'!$B$4:$B$113,"<="&MAX('📅 Daily Vitals Log'!$B$4:$B$113),'📅 Daily Vitals Log'!$M$4:$M$113,">0"),"—") -> — | J165: =COUNTIFS('📅 Daily Vitals Log'!$B$4:$B$113,">"&MAX('📅 Daily Vitals Log'!$B$4:$B$113)-30,'📅 Daily Vitals Log'!$B$4:$B$113,"<="&MAX('📅 Daily Vitals Log'!$B$4:$B$113),'📅 Daily Vitals Log'!$M$4:$M$113,">"&'⚙ Dashboard Settings'!$I$7) -> 0 | L165: =COUNTIFS('📅 Daily Vitals Log'!$B$4:$B$113,">"&MAX('📅 Daily Vitals Log'!$B$4:$B$113)-30,'📅 Daily Vitals Log'!$B$4:$B$113,"<="&MAX('📅 Daily Vitals Log'!$B$4:$B$113),'📅 Daily Vitals Log'!$M$4:$M$113,"<"&'⚙ Dashboard Settings'!$I$5,'📅 Daily Vitals Log'!$M$4:$M$113,">0") -> 0 | N165: =COUNTIFS('📅 Daily Vitals Log'!$B$4:$B$113,">"&MAX('📅 Daily Vitals Log'!$B$4:$B$113)-30,'📅 Daily Vitals Log'!$B$4:$B$113,"<="&MAX('📅 Daily Vitals Log'!$B$4:$B$113),'📅 Daily Vitals Log'!$M$4:$M$113,">0") -> 0 | P165: =IF('⚙ Dashboard Settings'!$M$17=0,"—",INDEX('🧪 Lab Results'!$G19:$Z19,'⚙ Dashboard Settings'!$M$17-6)&" %") -> —
B184: END OF DASHBOARD

Sheet 🩺 Doctor Referral Report
B1: CLINICAL SUMMARY FOR TREATING NEPHROLOGIST — KIDNEY TRANSPLANT FOLLOW-UP
B2: Auto-populated from all sheets | Print & send to doctor before visit | Do not edit — data pulls automatically
B3: =IF(COUNTA('👤 Patient Info'!C4:C6,'👤 Patient Info'!F4)=0,"",'👤 Patient Info'!C4&" | "&'👤 Patient Info'!C5&" | Reg: "&'👤 Patient Info'!C6&" | Phone: "&'👤 Patient Info'!F4)
B4: PATIENT IDENTIFICATION
B5: Patient Name | C5: =IF('👤 Patient Info'!C8="","",'👤 Patient Info'!C8)
B6: Patient ID | C6: =IF('👤 Patient Info'!F8="","",'👤 Patient Info'!F8)
B7: Date of Birth | C7: =IF('👤 Patient Info'!C9="","",'👤 Patient Info'!C9)
B8: Gender | C8: =IF('👤 Patient Info'!C11="","",'👤 Patient Info'!C11)
B9: Blood Group | C9: =IF('👤 Patient Info'!C12="","",'👤 Patient Info'!C12)
B10: Transplant Date | C10: =IF('👤 Patient Info'!F11="","",'👤 Patient Info'!F11)
B11: Diagnosis | C11: =IF('👤 Patient Info'!F10="","",'👤 Patient Info'!F10)
B12: Comorbidities | C12: =IF('👤 Patient Info'!C18="","",'👤 Patient Info'!C18)
B13: VITALS SUMMARY — LAST 7 DAYS
B14: Parameter | C14: Min | D14: Max | E14: Average | F14: Unit | G14: Clinical Note
B15: BP Systolic (mmHg) | C15: {=IF(COUNTIFS('📅 Daily Vitals Log'!B:B,">="&(TODAY()-7),'📅 Daily Vitals Log'!C:C,"<>")=0,"—",MIN(IF(('📅 Daily Vitals Log'!$B$4:$B$500>=TODAY()-7)*('📅 Daily Vitals Log'!$C$4:$C$500<>""),'📅 Daily Vitals Log'!$C$4:$C$500)))} -> — | D15: {=IF(COUNTIFS('📅 Daily Vitals Log'!B:B,">="&(TODAY()-7),'📅 Daily Vitals Log'!C:C,"<>")=0,"—",MAX(IF(('📅 Daily Vitals Log'!$B$4:$B$500>=TODAY()-7)*('📅 Daily Vitals Log'!$C$4:$C$500<>""),'📅 Daily Vitals Log'!$C$4:$C$500)))} -> — | E15: =IFERROR(ROUND(AVERAGEIFS('📅 Daily Vitals Log'!C:C,'📅 Daily Vitals Log'!B:B,">="&(TODAY()-7)),1),"—") -> — | F15: mmHg | G15: Target: <130/80
B16: BP Diastolic (mmHg) | C16: {=IF(COUNTIFS('📅 Daily Vitals Log'!B:B,">="&(TODAY()-7),'📅 Daily Vitals Log'!D:D,"<>")=0,"—",MIN(IF(('📅 Daily Vitals Log'!$B$4:$B$500>=TODAY()-7)*('📅 Daily Vitals Log'!$D$4:$D$500<>""),'📅 Daily Vitals Log'!$D$4:$D$500)))} -> — | D16: {=IF(COUNTIFS('📅 Daily Vitals Log'!B:B,">="&(TODAY()-7),'📅 Daily Vitals Log'!D:D,"<>")=0,"—",MAX(IF(('📅 Daily Vitals Log'!$B$4:$B$500>=TODAY()-7)*('📅 Daily Vitals Log'!$D$4:$D$500<>""),'📅 Daily Vitals Log'!$D$4:$D$500)))} -> — | E16: =IFERROR(ROUND(AVERAGEIFS('📅 Daily Vitals Log'!D:D,'📅 Daily Vitals Log'!B:B,">="&(TODAY()-7)),1),"—") -> — | F16: mmHg | G16: Target: <80
B17: Pulse (bpm) | C17: {=IF(COUNTIFS('📅 Daily Vitals Log'!B:B,">="&(TODAY()-7),'📅 Daily Vitals Log'!E:E,"<>")=0,"—",MIN(IF(('📅 Daily Vitals Log'!$B$4:$B$500>=TODAY()-7)*('📅 Daily Vitals Log'!$E$4:$E$500<>""),'📅 Daily Vitals Log'!$E$4:$E$500)))} -> — | D17: {=IF(COUNTIFS('📅 Daily Vitals Log'!B:B,">="&(TODAY()-7),'📅 Daily Vitals Log'!E:E,"<>")=0,"—",MAX(IF(('📅 Daily Vitals Log'!$B$4:$B$500>=TODAY()-7)*('📅 Daily Vitals Log'!$E$4:$E$500<>""),'📅 Daily Vitals Log'!$E$4:$E$500)))} -> — | E17: =IFERROR(ROUND(AVERAGEIFS('📅 Daily Vitals Log'!E:E,'📅 Daily Vitals Log'!B:B,">="&(TODAY()-7)),1),"—") -> — | F17: bpm | G17: Normal: 60–100
B18: SpO₂ (%) | C18: {=IF(COUNTIFS('📅 Daily Vitals Log'!B:B,">="&(TODAY()-7),'📅 Daily Vitals Log'!F:F,"<>")=0,"—",MIN(IF(('📅 Daily Vitals Log'!$B$4:$B$500>=TODAY()-7)*('📅 Daily Vitals Log'!$F$4:$F$500<>""),'📅 Daily Vitals Log'!$F$4:$F$500)))} -> — | D18: {=IF(COUNTIFS('📅 Daily Vitals Log'!B:B,">="&(TODAY()-7),'📅 Daily Vitals Log'!F:F,"<>")=0,"—",MAX(IF(('📅 Daily Vitals Log'!$B$4:$B$500>=TODAY()-7)*('📅 Daily Vitals Log'!$F$4:$F$500<>""),'📅 Daily Vitals Log'!$F$4:$F$500)))} -> — | E18: =IFERROR(ROUND(AVERAGEIFS('📅 Daily Vitals Log'!F:F,'📅 Daily Vitals Log'!B:B,">="&(TODAY()-7)),1),"—") -> — | F18: % | G18: Alert if <94%
B19: Weight (kg) | C19: {=IF(COUNTIFS('📅 Daily Vitals Log'!B:B,">="&(TODAY()-7),'📅 Daily Vitals Log'!H:H,"<>")=0,"—",MIN(IF(('📅 Daily Vitals Log'!$B$4:$B$500>=TODAY()-7)*('📅 Daily Vitals Log'!$H$4:$H$500<>""),'📅 Daily Vitals Log'!$H$4:$H$500)))} -> — | D19: {=IF(COUNTIFS('📅 Daily Vitals Log'!B:B,">="&(TODAY()-7),'📅 Daily Vitals Log'!H:H,"<>")=0,"—",MAX(IF(('📅 Daily Vitals Log'!$B$4:$B$500>=TODAY()-7)*('📅 Daily Vitals Log'!$H$4:$H$500<>""),'📅 Daily Vitals Log'!$H$4:$H$500)))} -> — | E19: =IFERROR(ROUND(AVERAGEIFS('📅 Daily Vitals Log'!H:H,'📅 Daily Vitals Log'!B:B,">="&(TODAY()-7)),2),"—") -> — | F19: kg | G19: Gain >2 kg/week = alert
B20: Fluid Intake (mL/day) | C20: {=IF(COUNTIFS('📅 Daily Vitals Log'!B:B,">="&(TODAY()-7),'📅 Daily Vitals Log'!I:I,"<>")=0,"—",MIN(IF(('📅 Daily Vitals Log'!$B$4:$B$500>=TODAY()-7)*('📅 Daily Vitals Log'!$I$4:$I$500<>""),'📅 Daily Vitals Log'!$I$4:$I$500)))} -> — | D20: {=IF(COUNTIFS('📅 Daily Vitals Log'!B:B,">="&(TODAY()-7),'📅 Daily Vitals Log'!I:I,"<>")=0,"—",MAX(IF(('📅 Daily Vitals Log'!$B$4:$B$500>=TODAY()-7)*('📅 Daily Vitals Log'!$I$4:$I$500<>""),'📅 Daily Vitals Log'!$I$4:$I$500)))} -> — | E20: =IFERROR(ROUND(AVERAGEIFS('📅 Daily Vitals Log'!I:I,'📅 Daily Vitals Log'!B:B,">="&(TODAY()-7)),0),"—") -> — | F20: mL | G20: Target: ≥4000 mL/day
B21: Urine Output (mL/day) | C21: {=IF(COUNTIFS('📅 Daily Vitals Log'!B:B,">="&(TODAY()-7),'📅 Daily Vitals Log'!J:J,"<>")=0,"—",MIN(IF(('📅 Daily Vitals Log'!$B$4:$B$500>=TODAY()-7)*('📅 Daily Vitals Log'!$J$4:$J$500<>""),'📅 Daily Vitals Log'!$J$4:$J$500)))} -> — | D21: {=IF(COUNTIFS('📅 Daily Vitals Log'!B:B,">="&(TODAY()-7),'📅 Daily Vitals Log'!J:J,"<>")=0,"—",MAX(IF(('📅 Daily Vitals Log'!$B$4:$B$500>=TODAY()-7)*('📅 Daily Vitals Log'!$J$4:$J$500<>""),'📅 Daily Vitals Log'!$J$4:$J$500)))} -> — | E21: =IFERROR(ROUND(AVERAGEIFS('📅 Daily Vitals Log'!J:J,'📅 Daily Vitals Log'!B:B,">="&(TODAY()-7)),0),"—") -> — | F21: mL | G21: Target: ≥1000 mL/day
B22: Blood Sugar (mg/dL) | C22: {=IF(COUNTIFS('📅 Daily Vitals Log'!B:B,">="&(TODAY()-7),'📅 Daily Vitals Log'!M:M,">0")=0,"—",MIN(IF(('📅 Daily Vitals Log'!$B$4:$B$500>=TODAY()-7)*('📅 Daily Vitals Log'!$M$4:$M$500>0),'📅 Daily Vitals Log'!$M$4:$M$500)))} -> — | D22: {=IF(COUNTIFS('📅 Daily Vitals Log'!B:B,">="&(TODAY()-7),'📅 Daily Vitals Log'!M:M,">0")=0,"—",MAX(IF(('📅 Daily Vitals Log'!$B$4:$B$500>=TODAY()-7)*('📅 Daily Vitals Log'!$M$4:$M$500>0),'📅 Daily Vitals Log'!$M$4:$M$500)))} -> — | E22: =IFERROR(ROUND(AVERAGEIFS('📅 Daily Vitals Log'!M:M,'📅 Daily Vitals Log'!B:B,">="&(TODAY()-7),'📅 Daily Vitals Log'!M:M,">0"),0),"—") -> — | F22: mg/dL | G22: =">"&'⚙ Dashboard Settings'!$I$7&" mg/dL = alert (limit set in Dashboard Settings)" -> >180 mg/dL = alert (limit set in Dashboard Settings)
B23: LATEST LAB RESULTS (from Lab Results sheet — most recent of up to 20 test dates)
B24: Test | C24: Latest Result | D24: Unit | E24: TX Target | F24: Notes
B25: Creatinine | C25: =IFERROR(LOOKUP(2,1/('🧪 Lab Results'!G6:Z6<>""),'🧪 Lab Results'!G6:Z6),"—") -> — | D25: mg/dL | E25: Stable baseline | F25: Rising trend = rejection risk
B26: eGFR | C26: =IFERROR(LOOKUP(2,1/('🧪 Lab Results'!G7:Z7<>""),'🧪 Lab Results'!G7:Z7),"—") -> — | D26: mL/min | E26: ≥45
B27: Tacrolimus Trough | C27: =IFERROR(LOOKUP(2,1/('🧪 Lab Results'!G8:Z8<>""),'🧪 Lab Results'!G8:Z8),"—") -> — | D27: ng/mL | E27: Early:8–12 | Late:5–8
B28: Calcium | C28: =IFERROR(LOOKUP(2,1/('🧪 Lab Results'!G10:Z10<>""),'🧪 Lab Results'!G10:Z10),"—") -> — | D28: mg/dL | E28: 8.5–10.2
B29: Phosphorus | C29: =IFERROR(LOOKUP(2,1/('🧪 Lab Results'!G11:Z11<>""),'🧪 Lab Results'!G11:Z11),"—") -> — | D29: mg/dL | E29: 2.5–4.5
B30: Uric Acid | C30: =IFERROR(LOOKUP(2,1/('🧪 Lab Results'!G12:Z12<>""),'🧪 Lab Results'!G12:Z12),"—") -> — | D30: mg/dL | E30: <7.0
B31: Potassium | C31: =IFERROR(LOOKUP(2,1/('🧪 Lab Results'!G13:Z13<>""),'🧪 Lab Results'!G13:Z13),"—") -> — | D31: mEq/L | E31: 3.5–5.0
B32: FBS | C32: =IFERROR(LOOKUP(2,1/('🧪 Lab Results'!G17:Z17<>""),'🧪 Lab Results'!G17:Z17),"—") -> — | D32: mg/dL | E32: 70–126 | F32: >180 = PTDM
B33: PPBS | C33: =IFERROR(LOOKUP(2,1/('🧪 Lab Results'!G18:Z18<>""),'🧪 Lab Results'!G18:Z18),"—") -> — | D33: mg/dL | E33: ≤180
B34: HbA1c | C34: =IFERROR(LOOKUP(2,1/('🧪 Lab Results'!G19:Z19<>""),'🧪 Lab Results'!G19:Z19),"—") -> — | D34: % | E34: ≤7.0
B35: Haemoglobin | C35: =IFERROR(LOOKUP(2,1/('🧪 Lab Results'!G21:Z21<>""),'🧪 Lab Results'!G21:Z21),"—") -> — | D35: g/dL | E35: 11–14
B36: TLC (WBC) | C36: =IFERROR(LOOKUP(2,1/('🧪 Lab Results'!G22:Z22<>""),'🧪 Lab Results'!G22:Z22),"—") -> — | D36: ×10³/μL | E36: 4–10
B37: Platelets | C37: =IFERROR(LOOKUP(2,1/('🧪 Lab Results'!G23:Z23<>""),'🧪 Lab Results'!G23:Z23),"—") -> — | D37: ×10³/μL | E37: 150–350
B38: BKV PCR | C38: =IFERROR(LOOKUP(2,1/('🧪 Lab Results'!G32:Z32<>""),'🧪 Lab Results'!G32:Z32),"—") -> — | D38: copies/mL | E38: <10,000
B39: Urine RE Protein | C39: =IFERROR(LOOKUP(2,1/('🧪 Lab Results'!G35:Z35<>""),'🧪 Lab Results'!G35:Z35),"—") -> — | D39: – | E39: Nil/Trace
B40: Urine PCR (UACR) | C40: =IFERROR(LOOKUP(2,1/('🧪 Lab Results'!G38:Z38<>""),'🧪 Lab Results'!G38:Z38),"—") -> — | D40: mg/g | E40: <300
B41: =" CURRENT MEDICATIONS — "&'⚙ Dashboard Settings'!$T$205&" active (Status = ACTIVE in Medication History)"&IF('⚙ Dashboard Settings'!$T$205>15," ⚠ "&('⚙ Dashboard Settings'!$T$205-15)&" more not shown — see 💊 Medication History","") -> CURRENT MEDICATIONS — 0 active (Status = ACTIVE in Medication History)
B42: No. · Brand Name | C42: Composition | D42: Category | E42: Dose | F42: Timing | G42: Notes
B43: =IF('⚙ Dashboard Settings'!$V$6=0,"","1. "&INDEX('💊 Medication History'!$B$5:$B$204,'⚙ Dashboard Settings'!$V$6)) | C43: =IF('⚙ Dashboard Settings'!$V$6=0,"",INDEX('💊 Medication History'!$C$5:$C$204,'⚙ Dashboard Settings'!$V$6)&"") | D43: =IF('⚙ Dashboard Settings'!$V$6=0,"",INDEX('💊 Medication History'!$D$5:$D$204,'⚙ Dashboard Settings'!$V$6)&"") | E43: =IF('⚙ Dashboard Settings'!$V$6=0,"",INDEX('💊 Medication History'!$E$5:$E$204,'⚙ Dashboard Settings'!$V$6)&"") | F43: =IF('⚙ Dashboard Settings'!$V$6=0,"",INDEX('💊 Medication History'!$F$5:$F$204,'⚙ Dashboard Settings'!$V$6)&"") | G43: =IF('⚙ Dashboard Settings'!$V$6=0,"",INDEX('💊 Medication History'!$K$5:$K$204,'⚙ Dashboard Settings'!$V$6)&"")
B44: =IF('⚙ Dashboard Settings'!$V$7=0,"","2. "&INDEX('💊 Medication History'!$B$5:$B$204,'⚙ Dashboard Settings'!$V$7)) | C44: =IF('⚙ Dashboard Settings'!$V$7=0,"",INDEX('💊 Medication History'!$C$5:$C$204,'⚙ Dashboard Settings'!$V$7)&"") | D44: =IF('⚙ Dashboard Settings'!$V$7=0,"",INDEX('💊 Medication History'!$D$5:$D$204,'⚙ Dashboard Settings'!$V$7)&"") | E44: =IF('⚙ Dashboard Settings'!$V$7=0,"",INDEX('💊 Medication History'!$E$5:$E$204,'⚙ Dashboard Settings'!$V$7)&"") | F44: =IF('⚙ Dashboard Settings'!$V$7=0,"",INDEX('💊 Medication History'!$F$5:$F$204,'⚙ Dashboard Settings'!$V$7)&"") | G44: =IF('⚙ Dashboard Settings'!$V$7=0,"",INDEX('💊 Medication History'!$K$5:$K$204,'⚙ Dashboard Settings'!$V$7)&"")
B45: =IF('⚙ Dashboard Settings'!$V$8=0,"","3. "&INDEX('💊 Medication History'!$B$5:$B$204,'⚙ Dashboard Settings'!$V$8)) | C45: =IF('⚙ Dashboard Settings'!$V$8=0,"",INDEX('💊 Medication History'!$C$5:$C$204,'⚙ Dashboard Settings'!$V$8)&"") | D45: =IF('⚙ Dashboard Settings'!$V$8=0,"",INDEX('💊 Medication History'!$D$5:$D$204,'⚙ Dashboard Settings'!$V$8)&"") | E45: =IF('⚙ Dashboard Settings'!$V$8=0,"",INDEX('💊 Medication History'!$E$5:$E$204,'⚙ Dashboard Settings'!$V$8)&"") | F45: =IF('⚙ Dashboard Settings'!$V$8=0,"",INDEX('💊 Medication History'!$F$5:$F$204,'⚙ Dashboard Settings'!$V$8)&"") | G45: =IF('⚙ Dashboard Settings'!$V$8=0,"",INDEX('💊 Medication History'!$K$5:$K$204,'⚙ Dashboard Settings'!$V$8)&"")
B46: =IF('⚙ Dashboard Settings'!$V$9=0,"","4. "&INDEX('💊 Medication History'!$B$5:$B$204,'⚙ Dashboard Settings'!$V$9)) | C46: =IF('⚙ Dashboard Settings'!$V$9=0,"",INDEX('💊 Medication History'!$C$5:$C$204,'⚙ Dashboard Settings'!$V$9)&"") | D46: =IF('⚙ Dashboard Settings'!$V$9=0,"",INDEX('💊 Medication History'!$D$5:$D$204,'⚙ Dashboard Settings'!$V$9)&"") | E46: =IF('⚙ Dashboard Settings'!$V$9=0,"",INDEX('💊 Medication History'!$E$5:$E$204,'⚙ Dashboard Settings'!$V$9)&"") | F46: =IF('⚙ Dashboard Settings'!$V$9=0,"",INDEX('💊 Medication History'!$F$5:$F$204,'⚙ Dashboard Settings'!$V$9)&"") | G46: =IF('⚙ Dashboard Settings'!$V$9=0,"",INDEX('💊 Medication History'!$K$5:$K$204,'⚙ Dashboard Settings'!$V$9)&"")
B47: =IF('⚙ Dashboard Settings'!$V$10=0,"","5. "&INDEX('💊 Medication History'!$B$5:$B$204,'⚙ Dashboard Settings'!$V$10)) | C47: =IF('⚙ Dashboard Settings'!$V$10=0,"",INDEX('💊 Medication History'!$C$5:$C$204,'⚙ Dashboard Settings'!$V$10)&"") | D47: =IF('⚙ Dashboard Settings'!$V$10=0,"",INDEX('💊 Medication History'!$D$5:$D$204,'⚙ Dashboard Settings'!$V$10)&"") | E47: =IF('⚙ Dashboard Settings'!$V$10=0,"",INDEX('💊 Medication History'!$E$5:$E$204,'⚙ Dashboard Settings'!$V$10)&"") | F47: =IF('⚙ Dashboard Settings'!$V$10=0,"",INDEX('💊 Medication History'!$F$5:$F$204,'⚙ Dashboard Settings'!$V$10)&"") | G47: =IF('⚙ Dashboard Settings'!$V$10=0,"",INDEX('💊 Medication History'!$K$5:$K$204,'⚙ Dashboard Settings'!$V$10)&"")
B48: =IF('⚙ Dashboard Settings'!$V$11=0,"","6. "&INDEX('💊 Medication History'!$B$5:$B$204,'⚙ Dashboard Settings'!$V$11)) | C48: =IF('⚙ Dashboard Settings'!$V$11=0,"",INDEX('💊 Medication History'!$C$5:$C$204,'⚙ Dashboard Settings'!$V$11)&"") | D48: =IF('⚙ Dashboard Settings'!$V$11=0,"",INDEX('💊 Medication History'!$D$5:$D$204,'⚙ Dashboard Settings'!$V$11)&"") | E48: =IF('⚙ Dashboard Settings'!$V$11=0,"",INDEX('💊 Medication History'!$E$5:$E$204,'⚙ Dashboard Settings'!$V$11)&"") | F48: =IF('⚙ Dashboard Settings'!$V$11=0,"",INDEX('💊 Medication History'!$F$5:$F$204,'⚙ Dashboard Settings'!$V$11)&"") | G48: =IF('⚙ Dashboard Settings'!$V$11=0,"",INDEX('💊 Medication History'!$K$5:$K$204,'⚙ Dashboard Settings'!$V$11)&"")
B49: =IF('⚙ Dashboard Settings'!$V$12=0,"","7. "&INDEX('💊 Medication History'!$B$5:$B$204,'⚙ Dashboard Settings'!$V$12)) | C49: =IF('⚙ Dashboard Settings'!$V$12=0,"",INDEX('💊 Medication History'!$C$5:$C$204,'⚙ Dashboard Settings'!$V$12)&"") | D49: =IF('⚙ Dashboard Settings'!$V$12=0,"",INDEX('💊 Medication History'!$D$5:$D$204,'⚙ Dashboard Settings'!$V$12)&"") | E49: =IF('⚙ Dashboard Settings'!$V$12=0,"",INDEX('💊 Medication History'!$E$5:$E$204,'⚙ Dashboard Settings'!$V$12)&"") | F49: =IF('⚙ Dashboard Settings'!$V$12=0,"",INDEX('💊 Medication History'!$F$5:$F$204,'⚙ Dashboard Settings'!$V$12)&"") | G49: =IF('⚙ Dashboard Settings'!$V$12=0,"",INDEX('💊 Medication History'!$K$5:$K$204,'⚙ Dashboard Settings'!$V$12)&"")
B50: =IF('⚙ Dashboard Settings'!$V$13=0,"","8. "&INDEX('💊 Medication History'!$B$5:$B$204,'⚙ Dashboard Settings'!$V$13)) | C50: =IF('⚙ Dashboard Settings'!$V$13=0,"",INDEX('💊 Medication History'!$C$5:$C$204,'⚙ Dashboard Settings'!$V$13)&"") | D50: =IF('⚙ Dashboard Settings'!$V$13=0,"",INDEX('💊 Medication History'!$D$5:$D$204,'⚙ Dashboard Settings'!$V$13)&"") | E50: =IF('⚙ Dashboard Settings'!$V$13=0,"",INDEX('💊 Medication History'!$E$5:$E$204,'⚙ Dashboard Settings'!$V$13)&"") | F50: =IF('⚙ Dashboard Settings'!$V$13=0,"",INDEX('💊 Medication History'!$F$5:$F$204,'⚙ Dashboard Settings'!$V$13)&"") | G50: =IF('⚙ Dashboard Settings'!$V$13=0,"",INDEX('💊 Medication History'!$K$5:$K$204,'⚙ Dashboard Settings'!$V$13)&"")
B51: =IF('⚙ Dashboard Settings'!$V$14=0,"","9. "&INDEX('💊 Medication History'!$B$5:$B$204,'⚙ Dashboard Settings'!$V$14)) | C51: =IF('⚙ Dashboard Settings'!$V$14=0,"",INDEX('💊 Medication History'!$C$5:$C$204,'⚙ Dashboard Settings'!$V$14)&"") | D51: =IF('⚙ Dashboard Settings'!$V$14=0,"",INDEX('💊 Medication History'!$D$5:$D$204,'⚙ Dashboard Settings'!$V$14)&"") | E51: =IF('⚙ Dashboard Settings'!$V$14=0,"",INDEX('💊 Medication History'!$E$5:$E$204,'⚙ Dashboard Settings'!$V$14)&"") | F51: =IF('⚙ Dashboard Settings'!$V$14=0,"",INDEX('💊 Medication History'!$F$5:$F$204,'⚙ Dashboard Settings'!$V$14)&"") | G51: =IF('⚙ Dashboard Settings'!$V$14=0,"",INDEX('💊 Medication History'!$K$5:$K$204,'⚙ Dashboard Settings'!$V$14)&"")
B52: =IF('⚙ Dashboard Settings'!$V$15=0,"","10. "&INDEX('💊 Medication History'!$B$5:$B$204,'⚙ Dashboard Settings'!$V$15)) | C52: =IF('⚙ Dashboard Settings'!$V$15=0,"",INDEX('💊 Medication History'!$C$5:$C$204,'⚙ Dashboard Settings'!$V$15)&"") | D52: =IF('⚙ Dashboard Settings'!$V$15=0,"",INDEX('💊 Medication History'!$D$5:$D$204,'⚙ Dashboard Settings'!$V$15)&"") | E52: =IF('⚙ Dashboard Settings'!$V$15=0,"",INDEX('💊 Medication History'!$E$5:$E$204,'⚙ Dashboard Settings'!$V$15)&"") | F52: =IF('⚙ Dashboard Settings'!$V$15=0,"",INDEX('💊 Medication History'!$F$5:$F$204,'⚙ Dashboard Settings'!$V$15)&"") | G52: =IF('⚙ Dashboard Settings'!$V$15=0,"",INDEX('💊 Medication History'!$K$5:$K$204,'⚙ Dashboard Settings'!$V$15)&"")
B53: =IF('⚙ Dashboard Settings'!$V$16=0,"","11. "&INDEX('💊 Medication History'!$B$5:$B$204,'⚙ Dashboard Settings'!$V$16)) | C53: =IF('⚙ Dashboard Settings'!$V$16=0,"",INDEX('💊 Medication History'!$C$5:$C$204,'⚙ Dashboard Settings'!$V$16)&"") | D53: =IF('⚙ Dashboard Settings'!$V$16=0,"",INDEX('💊 Medication History'!$D$5:$D$204,'⚙ Dashboard Settings'!$V$16)&"") | E53: =IF('⚙ Dashboard Settings'!$V$16=0,"",INDEX('💊 Medication History'!$E$5:$E$204,'⚙ Dashboard Settings'!$V$16)&"") | F53: =IF('⚙ Dashboard Settings'!$V$16=0,"",INDEX('💊 Medication History'!$F$5:$F$204,'⚙ Dashboard Settings'!$V$16)&"") | G53: =IF('⚙ Dashboard Settings'!$V$16=0,"",INDEX('💊 Medication History'!$K$5:$K$204,'⚙ Dashboard Settings'!$V$16)&"")
B54: =IF('⚙ Dashboard Settings'!$V$17=0,"","12. "&INDEX('💊 Medication History'!$B$5:$B$204,'⚙ Dashboard Settings'!$V$17)) | C54: =IF('⚙ Dashboard Settings'!$V$17=0,"",INDEX('💊 Medication History'!$C$5:$C$204,'⚙ Dashboard Settings'!$V$17)&"") | D54: =IF('⚙ Dashboard Settings'!$V$17=0,"",INDEX('💊 Medication History'!$D$5:$D$204,'⚙ Dashboard Settings'!$V$17)&"") | E54: =IF('⚙ Dashboard Settings'!$V$17=0,"",INDEX('💊 Medication History'!$E$5:$E$204,'⚙ Dashboard Settings'!$V$17)&"") | F54: =IF('⚙ Dashboard Settings'!$V$17=0,"",INDEX('💊 Medication History'!$F$5:$F$204,'⚙ Dashboard Settings'!$V$17)&"") | G54: =IF('⚙ Dashboard Settings'!$V$17=0,"",INDEX('💊 Medication History'!$K$5:$K$204,'⚙ Dashboard Settings'!$V$17)&"")
B55: =IF('⚙ Dashboard Settings'!$V$18=0,"","13. "&INDEX('💊 Medication History'!$B$5:$B$204,'⚙ Dashboard Settings'!$V$18)) | C55: =IF('⚙ Dashboard Settings'!$V$18=0,"",INDEX('💊 Medication History'!$C$5:$C$204,'⚙ Dashboard Settings'!$V$18)&"") | D55: =IF('⚙ Dashboard Settings'!$V$18=0,"",INDEX('💊 Medication History'!$D$5:$D$204,'⚙ Dashboard Settings'!$V$18)&"") | E55: =IF('⚙ Dashboard Settings'!$V$18=0,"",INDEX('💊 Medication History'!$E$5:$E$204,'⚙ Dashboard Settings'!$V$18)&"") | F55: =IF('⚙ Dashboard Settings'!$V$18=0,"",INDEX('💊 Medication History'!$F$5:$F$204,'⚙ Dashboard Settings'!$V$18)&"") | G55: =IF('⚙ Dashboard Settings'!$V$18=0,"",INDEX('💊 Medication History'!$K$5:$K$204,'⚙ Dashboard Settings'!$V$18)&"")
B56: =IF('⚙ Dashboard Settings'!$V$19=0,"","14. "&INDEX('💊 Medication History'!$B$5:$B$204,'⚙ Dashboard Settings'!$V$19)) | C56: =IF('⚙ Dashboard Settings'!$V$19=0,"",INDEX('💊 Medication History'!$C$5:$C$204,'⚙ Dashboard Settings'!$V$19)&"") | D56: =IF('⚙ Dashboard Settings'!$V$19=0,"",INDEX('💊 Medication History'!$D$5:$D$204,'⚙ Dashboard Settings'!$V$19)&"") | E56: =IF('⚙ Dashboard Settings'!$V$19=0,"",INDEX('💊 Medication History'!$E$5:$E$204,'⚙ Dashboard Settings'!$V$19)&"") | F56: =IF('⚙ Dashboard Settings'!$V$19=0,"",INDEX('💊 Medication History'!$F$5:$F$204,'⚙ Dashboard Settings'!$V$19)&"") | G56: =IF('⚙ Dashboard Settings'!$V$19=0,"",INDEX('💊 Medication History'!$K$5:$K$204,'⚙ Dashboard Settings'!$V$19)&"")
B57: =IF('⚙ Dashboard Settings'!$V$20=0,"","15. "&INDEX('💊 Medication History'!$B$5:$B$204,'⚙ Dashboard Settings'!$V$20)) | C57: =IF('⚙ Dashboard Settings'!$V$20=0,"",INDEX('💊 Medication History'!$C$5:$C$204,'⚙ Dashboard Settings'!$V$20)&"") | D57: =IF('⚙ Dashboard Settings'!$V$20=0,"",INDEX('💊 Medication History'!$D$5:$D$204,'⚙ Dashboard Settings'!$V$20)&"") | E57: =IF('⚙ Dashboard Settings'!$V$20=0,"",INDEX('💊 Medication History'!$E$5:$E$204,'⚙ Dashboard Settings'!$V$20)&"") | F57: =IF('⚙ Dashboard Settings'!$V$20=0,"",INDEX('💊 Medication History'!$F$5:$F$204,'⚙ Dashboard Settings'!$V$20)&"") | G57: =IF('⚙ Dashboard Settings'!$V$20=0,"",INDEX('💊 Medication History'!$K$5:$K$204,'⚙ Dashboard Settings'!$V$20)&"")
B58: NOTES / ILLNESS MANAGEMENT PLAN / LAB TESTS REQUIRED FOR NEXT FOLLOW-UP (to be filled in during consultation) | E58: =IF(AND(ISNUMBER(E59),ISNUMBER(G59),ISNUMBER(MATCH(F59,{"Jan","Feb","Mar","Apr","May","Jun","Jul","Aug","Sep","Oct","Nov","Dec"},0))),IF(DAY(DATE(G59,MATCH(F59,{"Jan","Feb","Mar","Apr","May","Jun","Jul","Aug","Sep","Oct","Nov","Dec"},0),E59))=E59,"Next Visit Date : "&TEXT(DATE(G59,MATCH(F59,{"Jan","Feb","Mar","Apr","May","Jun","Jul","Aug","Sep","Oct","Nov","Dec"},0),E59),"ddd, dd-mmm-yyyy"),"Next Visit Date : invalid date - please re-check"),"Next Visit Date : select Day / Month / Year below") -> Next Visit Date : select Day / Month / Year below
E59: DD | F59: MMM | G59: YYYY
B60: NOTES (History · Examination · Diagnosis)
B64: ILLNESS MANAGEMENT PLAN (Revised medication directions · Diet · Exercise · Advice)
B68: LAB TESTS REQUIRED (to be done before the next Follow-up)

Sheet 📊 Weekly Summary
B1: WEEKLY SUMMARY — AUTO-CALCULATED FROM DAILY VITALS LOG
B2: Auto-generated from 📅 Daily Vitals Log. Weeks are generated automatically from the first date in the log (Monday-based) and stop at the last logged date.
B3: HOW TO USE: Nothing to type in column B — week-start (Monday) dates fill in by themselves from the Daily Vitals Log. Averages and alert counts for each 7-day period are calculated automatically. The first week may be partial if the log starts mid-week. Do not edit columns B–N.
B6: Week Start (Mon Date) | C6: Week End (+6 days) | D6: Avg Systolic (mmHg) | E6: Avg Diastolic (mmHg) | F6: Avg Pulse (bpm) | G6: Avg SpO₂ (%) | H6: Avg Weight (kg) | I6: Avg Fluid In (mL/day) | J6: Avg Urine Out (mL/day) | K6: Avg Blood Sugar (mg/dL) | L6: Net Balance (mL/week) | M6: SpO₂ Alert Days | N6: BP Alert Days | O6: Notes
B7: =IF(COUNT('📅 Daily Vitals Log'!$B$4:$B$113)=0,"",MIN('📅 Daily Vitals Log'!$B$4:$B$113)-WEEKDAY(MIN('📅 Daily Vitals Log'!$B$4:$B$113),3)) | C7: =IF(B7="","",B7+6) | D7: =IF(B7="","",IFERROR(ROUND(AVERAGEIFS('📅 Daily Vitals Log'!C:C,'📅 Daily Vitals Log'!B:B,">="&B7,'📅 Daily Vitals Log'!B:B,"<="&B7+6),1),"")) | E7: =IF(B7="","",IFERROR(ROUND(AVERAGEIFS('📅 Daily Vitals Log'!D:D,'📅 Daily Vitals Log'!B:B,">="&B7,'📅 Daily Vitals Log'!B:B,"<="&B7+6),1),"")) | F7: =IF(B7="","",IFERROR(ROUND(AVERAGEIFS('📅 Daily Vitals Log'!E:E,'📅 Daily Vitals Log'!B:B,">="&B7,'📅 Daily Vitals Log'!B:B,"<="&B7+6),1),"")) | G7: =IF(B7="","",IFERROR(ROUND(AVERAGEIFS('📅 Daily Vitals Log'!F:F,'📅 Daily Vitals Log'!B:B,">="&B7,'📅 Daily Vitals Log'!B:B,"<="&B7+6),1),"")) | H7: =IF(B7="","",IFERROR(ROUND(AVERAGEIFS('📅 Daily Vitals Log'!H:H,'📅 Daily Vitals Log'!B:B,">="&B7,'📅 Daily Vitals Log'!B:B,"<="&B7+6),2),"")) | I7: =IF(B7="","",IFERROR(ROUND(AVERAGEIFS('📅 Daily Vitals Log'!I:I,'📅 Daily Vitals Log'!B:B,">="&B7,'📅 Daily Vitals Log'!B:B,"<="&B7+6),0),"")) | J7: =IF(B7="","",IFERROR(ROUND(AVERAGEIFS('📅 Daily Vitals Log'!J:J,'📅 Daily Vitals Log'!B:B,">="&B7,'📅 Daily Vitals Log'!B:B,"<="&B7+6),0),"")) | K7: =IF(B7="","",IFERROR(ROUND(AVERAGEIFS('📅 Daily Vitals Log'!M:M,'📅 Daily Vitals Log'!B:B,">="&B7,'📅 Daily Vitals Log'!B:B,"<="&B7+6),0),"")) | L7: =IF(B7="","",IFERROR(SUMIFS('📅 Daily Vitals Log'!I:I,'📅 Daily Vitals Log'!B:B,">="&B7,'📅 Daily Vitals Log'!B:B,"<="&B7+6)-SUMIFS('📅 Daily Vitals Log'!J:J,'📅 Daily Vitals Log'!B:B,">="&B7,'📅 Daily Vitals Log'!B:B,"<="&B7+6),"")) | M7: =IF(B7="","",COUNTIFS('📅 Daily Vitals Log'!B:B,">="&B7,'📅 Daily Vitals Log'!B:B,"<="&B7+6,'📅 Daily Vitals Log'!F:F,"<94")) | N7: =IF(B7="","",SUMPRODUCT(('📅 Daily Vitals Log'!$B$4:$B$113>=B7)*('📅 Daily Vitals Log'!$B$4:$B$113<=B7+6)*('📅 Daily Vitals Log'!$C$4:$C$113<>"")*('📅 Daily Vitals Log'!$D$4:$D$113<>"")*((('📅 Daily Vitals Log'!$C$4:$C$113>'⚙ Dashboard Settings'!$I$9)+('📅 Daily Vitals Log'!$C$4:$C$113<'⚙ Dashboard Settings'!$I$10)+('📅 Daily Vitals Log'!$D$4:$D$113>'⚙ Dashboard Settings'!$I$11))>0)))
B8: =IF(B7="","",IF(B7+7>MAX('📅 Daily Vitals Log'!$B$4:$B$113),"",B7+7)) | C8: =IF(B8="","",B8+6) | D8: =IF(B8="","",IFERROR(ROUND(AVERAGEIFS('📅 Daily Vitals Log'!C:C,'📅 Daily Vitals Log'!B:B,">="&B8,'📅 Daily Vitals Log'!B:B,"<="&B8+6),1),"")) | E8: =IF(B8="","",IFERROR(ROUND(AVERAGEIFS('📅 Daily Vitals Log'!D:D,'📅 Daily Vitals Log'!B:B,">="&B8,'📅 Daily Vitals Log'!B:B,"<="&B8+6),1),"")) | F8: =IF(B8="","",IFERROR(ROUND(AVERAGEIFS('📅 Daily Vitals Log'!E:E,'📅 Daily Vitals Log'!B:B,">="&B8,'📅 Daily Vitals Log'!B:B,"<="&B8+6),1),"")) | G8: =IF(B8="","",IFERROR(ROUND(AVERAGEIFS('📅 Daily Vitals Log'!F:F,'📅 Daily Vitals Log'!B:B,">="&B8,'📅 Daily Vitals Log'!B:B,"<="&B8+6),1),"")) | H8: =IF(B8="","",IFERROR(ROUND(AVERAGEIFS('📅 Daily Vitals Log'!H:H,'📅 Daily Vitals Log'!B:B,">="&B8,'📅 Daily Vitals Log'!B:B,"<="&B8+6),2),"")) | I8: =IF(B8="","",IFERROR(ROUND(AVERAGEIFS('📅 Daily Vitals Log'!I:I,'📅 Daily Vitals Log'!B:B,">="&B8,'📅 Daily Vitals Log'!B:B,"<="&B8+6),0),"")) | J8: =IF(B8="","",IFERROR(ROUND(AVERAGEIFS('📅 Daily Vitals Log'!J:J,'📅 Daily Vitals Log'!B:B,">="&B8,'📅 Daily Vitals Log'!B:B,"<="&B8+6),0),"")) | K8: =IF(B8="","",IFERROR(ROUND(AVERAGEIFS('📅 Daily Vitals Log'!M:M,'📅 Daily Vitals Log'!B:B,">="&B8,'📅 Daily Vitals Log'!B:B,"<="&B8+6),0),"")) | L8: =IF(B8="","",IFERROR(SUMIFS('📅 Daily Vitals Log'!I:I,'📅 Daily Vitals Log'!B:B,">="&B8,'📅 Daily Vitals Log'!B:B,"<="&B8+6)-SUMIFS('📅 Daily Vitals Log'!J:J,'📅 Daily Vitals Log'!B:B,">="&B8,'📅 Daily Vitals Log'!B:B,"<="&B8+6),"")) | M8: =IF(B8="","",COUNTIFS('📅 Daily Vitals Log'!B:B,">="&B8,'📅 Daily Vitals Log'!B:B,"<="&B8+6,'📅 Daily Vitals Log'!F:F,"<94")) | N8: =IF(B8="","",SUMPRODUCT(('📅 Daily Vitals Log'!$B$4:$B$113>=B8)*('📅 Daily Vitals Log'!$B$4:$B$113<=B8+6)*('📅 Daily Vitals Log'!$C$4:$C$113<>"")*('📅 Daily Vitals Log'!$D$4:$D$113<>"")*((('📅 Daily Vitals Log'!$C$4:$C$113>'⚙ Dashboard Settings'!$I$9)+('📅 Daily Vitals Log'!$C$4:$C$113<'⚙ Dashboard Settings'!$I$10)+('📅 Daily Vitals Log'!$D$4:$D$113>'⚙ Dashboard Settings'!$I$11))>0)))
B9: =IF(B8="","",IF(B8+7>MAX('📅 Daily Vitals Log'!$B$4:$B$113),"",B8+7)) | C9: =IF(B9="","",B9+6) | D9: =IF(B9="","",IFERROR(ROUND(AVERAGEIFS('📅 Daily Vitals Log'!C:C,'📅 Daily Vitals Log'!B:B,">="&B9,'📅 Daily Vitals Log'!B:B,"<="&B9+6),1),"")) | E9: =IF(B9="","",IFERROR(ROUND(AVERAGEIFS('📅 Daily Vitals Log'!D:D,'📅 Daily Vitals Log'!B:B,">="&B9,'📅 Daily Vitals Log'!B:B,"<="&B9+6),1),"")) | F9: =IF(B9="","",IFERROR(ROUND(AVERAGEIFS('📅 Daily Vitals Log'!E:E,'📅 Daily Vitals Log'!B:B,">="&B9,'📅 Daily Vitals Log'!B:B,"<="&B9+6),1),"")) | G9: =IF(B9="","",IFERROR(ROUND(AVERAGEIFS('📅 Daily Vitals Log'!F:F,'📅 Daily Vitals Log'!B:B,">="&B9,'📅 Daily Vitals Log'!B:B,"<="&B9+6),1),"")) | H9: =IF(B9="","",IFERROR(ROUND(AVERAGEIFS('📅 Daily Vitals Log'!H:H,'📅 Daily Vitals Log'!B:B,">="&B9,'📅 Daily Vitals Log'!B:B,"<="&B9+6),2),"")) | I9: =IF(B9="","",IFERROR(ROUND(AVERAGEIFS('📅 Daily Vitals Log'!I:I,'📅 Daily Vitals Log'!B:B,">="&B9,'📅 Daily Vitals Log'!B:B,"<="&B9+6),0),"")) | J9: =IF(B9="","",IFERROR(ROUND(AVERAGEIFS('📅 Daily Vitals Log'!J:J,'📅 Daily Vitals Log'!B:B,">="&B9,'📅 Daily Vitals Log'!B:B,"<="&B9+6),0),"")) | K9: =IF(B9="","",IFERROR(ROUND(AVERAGEIFS('📅 Daily Vitals Log'!M:M,'📅 Daily Vitals Log'!B:B,">="&B9,'📅 Daily Vitals Log'!B:B,"<="&B9+6),0),"")) | L9: =IF(B9="","",IFERROR(SUMIFS('📅 Daily Vitals Log'!I:I,'📅 Daily Vitals Log'!B:B,">="&B9,'📅 Daily Vitals Log'!B:B,"<="&B9+6)-SUMIFS('📅 Daily Vitals Log'!J:J,'📅 Daily Vitals Log'!B:B,">="&B9,'📅 Daily Vitals Log'!B:B,"<="&B9+6),"")) | M9: =IF(B9="","",COUNTIFS('📅 Daily Vitals Log'!B:B,">="&B9,'📅 Daily Vitals Log'!B:B,"<="&B9+6,'📅 Daily Vitals Log'!F:F,"<94")) | N9: =IF(B9="","",SUMPRODUCT(('📅 Daily Vitals Log'!$B$4:$B$113>=B9)*('📅 Daily Vitals Log'!$B$4:$B$113<=B9+6)*('📅 Daily Vitals Log'!$C$4:$C$113<>"")*('📅 Daily Vitals Log'!$D$4:$D$113<>"")*((('📅 Daily Vitals Log'!$C$4:$C$113>'⚙ Dashboard Settings'!$I$9)+('📅 Daily Vitals Log'!$C$4:$C$113<'⚙ Dashboard Settings'!$I$10)+('📅 Daily Vitals Log'!$D$4:$D$113>'⚙ Dashboard Settings'!$I$11))>0)))
B10: =IF(B9="","",IF(B9+7>MAX('📅 Daily Vitals Log'!$B$4:$B$113),"",B9+7)) | C10: =IF(B10="","",B10+6) | D10: =IF(B10="","",IFERROR(ROUND(AVERAGEIFS('📅 Daily Vitals Log'!C:C,'📅 Daily Vitals Log'!B:B,">="&B10,'📅 Daily Vitals Log'!B:B,"<="&B10+6),1),"")) | E10: =IF(B10="","",IFERROR(ROUND(AVERAGEIFS('📅 Daily Vitals Log'!D:D,'📅 Daily Vitals Log'!B:B,">="&B10,'📅 Daily Vitals Log'!B:B,"<="&B10+6),1),"")) | F10: =IF(B10="","",IFERROR(ROUND(AVERAGEIFS('📅 Daily Vitals Log'!E:E,'📅 Daily Vitals Log'!B:B,">="&B10,'📅 Daily Vitals Log'!B:B,"<="&B10+6),1),"")) | G10: =IF(B10="","",IFERROR(ROUND(AVERAGEIFS('📅 Daily Vitals Log'!F:F,'📅 Daily Vitals Log'!B:B,">="&B10,'📅 Daily Vitals Log'!B:B,"<="&B10+6),1),"")) | H10: =IF(B10="","",IFERROR(ROUND(AVERAGEIFS('📅 Daily Vitals Log'!H:H,'📅 Daily Vitals Log'!B:B,">="&B10,'📅 Daily Vitals Log'!B:B,"<="&B10+6),2),"")) | I10: =IF(B10="","",IFERROR(ROUND(AVERAGEIFS('📅 Daily Vitals Log'!I:I,'📅 Daily Vitals Log'!B:B,">="&B10,'📅 Daily Vitals Log'!B:B,"<="&B10+6),0),"")) | J10: =IF(B10="","",IFERROR(ROUND(AVERAGEIFS('📅 Daily Vitals Log'!J:J,'📅 Daily Vitals Log'!B:B,">="&B10,'📅 Daily Vitals Log'!B:B,"<="&B10+6),0),"")) | K10: =IF(B10="","",IFERROR(ROUND(AVERAGEIFS('📅 Daily Vitals Log'!M:M,'📅 Daily Vitals Log'!B:B,">="&B10,'📅 Daily Vitals Log'!B:B,"<="&B10+6),0),"")) | L10: =IF(B10="","",IFERROR(SUMIFS('📅 Daily Vitals Log'!I:I,'📅 Daily Vitals Log'!B:B,">="&B10,'📅 Daily Vitals Log'!B:B,"<="&B10+6)-SUMIFS('📅 Daily Vitals Log'!J:J,'📅 Daily Vitals Log'!B:B,">="&B10,'📅 Daily Vitals Log'!B:B,"<="&B10+6),"")) | M10: =IF(B10="","",COUNTIFS('📅 Daily Vitals Log'!B:B,">="&B10,'📅 Daily Vitals Log'!B:B,"<="&B10+6,'📅 Daily Vitals Log'!F:F,"<94")) | N10: =IF(B10="","",SUMPRODUCT(('📅 Daily Vitals Log'!$B$4:$B$113>=B10)*('📅 Daily Vitals Log'!$B$4:$B$113<=B10+6)*('📅 Daily Vitals Log'!$C$4:$C$113<>"")*('📅 Daily Vitals Log'!$D$4:$D$113<>"")*((('📅 Daily Vitals Log'!$C$4:$C$113>'⚙ Dashboard Settings'!$I$9)+('📅 Daily Vitals Log'!$C$4:$C$113<'⚙ Dashboard Settings'!$I$10)+('📅 Daily Vitals Log'!$D$4:$D$113>'⚙ Dashboard Settings'!$I$11))>0)))
B11: =IF(B10="","",IF(B10+7>MAX('📅 Daily Vitals Log'!$B$4:$B$113),"",B10+7)) | C11: =IF(B11="","",B11+6) | D11: =IF(B11="","",IFERROR(ROUND(AVERAGEIFS('📅 Daily Vitals Log'!C:C,'📅 Daily Vitals Log'!B:B,">="&B11,'📅 Daily Vitals Log'!B:B,"<="&B11+6),1),"")) | E11: =IF(B11="","",IFERROR(ROUND(AVERAGEIFS('📅 Daily Vitals Log'!D:D,'📅 Daily Vitals Log'!B:B,">="&B11,'📅 Daily Vitals Log'!B:B,"<="&B11+6),1),"")) | F11: =IF(B11="","",IFERROR(ROUND(AVERAGEIFS('📅 Daily Vitals Log'!E:E,'📅 Daily Vitals Log'!B:B,">="&B11,'📅 Daily Vitals Log'!B:B,"<="&B11+6),1),"")) | G11: =IF(B11="","",IFERROR(ROUND(AVERAGEIFS('📅 Daily Vitals Log'!F:F,'📅 Daily Vitals Log'!B:B,">="&B11,'📅 Daily Vitals Log'!B:B,"<="&B11+6),1),"")) | H11: =IF(B11="","",IFERROR(ROUND(AVERAGEIFS('📅 Daily Vitals Log'!H:H,'📅 Daily Vitals Log'!B:B,">="&B11,'📅 Daily Vitals Log'!B:B,"<="&B11+6),2),"")) | I11: =IF(B11="","",IFERROR(ROUND(AVERAGEIFS('📅 Daily Vitals Log'!I:I,'📅 Daily Vitals Log'!B:B,">="&B11,'📅 Daily Vitals Log'!B:B,"<="&B11+6),0),"")) | J11: =IF(B11="","",IFERROR(ROUND(AVERAGEIFS('📅 Daily Vitals Log'!J:J,'📅 Daily Vitals Log'!B:B,">="&B11,'📅 Daily Vitals Log'!B:B,"<="&B11+6),0),"")) | K11: =IF(B11="","",IFERROR(ROUND(AVERAGEIFS('📅 Daily Vitals Log'!M:M,'📅 Daily Vitals Log'!B:B,">="&B11,'📅 Daily Vitals Log'!B:B,"<="&B11+6),0),"")) | L11: =IF(B11="","",IFERROR(SUMIFS('📅 Daily Vitals Log'!I:I,'📅 Daily Vitals Log'!B:B,">="&B11,'📅 Daily Vitals Log'!B:B,"<="&B11+6)-SUMIFS('📅 Daily Vitals Log'!J:J,'📅 Daily Vitals Log'!B:B,">="&B11,'📅 Daily Vitals Log'!B:B,"<="&B11+6),"")) | M11: =IF(B11="","",COUNTIFS('📅 Daily Vitals Log'!B:B,">="&B11,'📅 Daily Vitals Log'!B:B,"<="&B11+6,'📅 Daily Vitals Log'!F:F,"<94")) | N11: =IF(B11="","",SUMPRODUCT(('📅 Daily Vitals Log'!$B$4:$B$113>=B11)*('📅 Daily Vitals Log'!$B$4:$B$113<=B11+6)*('📅 Daily Vitals Log'!$C$4:$C$113<>"")*('📅 Daily Vitals Log'!$D$4:$D$113<>"")*((('📅 Daily Vitals Log'!$C$4:$C$113>'⚙ Dashboard Settings'!$I$9)+('📅 Daily Vitals Log'!$C$4:$C$113<'⚙ Dashboard Settings'!$I$10)+('📅 Daily Vitals Log'!$D$4:$D$113>'⚙ Dashboard Settings'!$I$11))>0)))
B12: =IF(B11="","",IF(B11+7>MAX('📅 Daily Vitals Log'!$B$4:$B$113),"",B11+7)) | C12: =IF(B12="","",B12+6) | D12: =IF(B12="","",IFERROR(ROUND(AVERAGEIFS('📅 Daily Vitals Log'!C:C,'📅 Daily Vitals Log'!B:B,">="&B12,'📅 Daily Vitals Log'!B:B,"<="&B12+6),1),"")) | E12: =IF(B12="","",IFERROR(ROUND(AVERAGEIFS('📅 Daily Vitals Log'!D:D,'📅 Daily Vitals Log'!B:B,">="&B12,'📅 Daily Vitals Log'!B:B,"<="&B12+6),1),"")) | F12: =IF(B12="","",IFERROR(ROUND(AVERAGEIFS('📅 Daily Vitals Log'!E:E,'📅 Daily Vitals Log'!B:B,">="&B12,'📅 Daily Vitals Log'!B:B,"<="&B12+6),1),"")) | G12: =IF(B12="","",IFERROR(ROUND(AVERAGEIFS('📅 Daily Vitals Log'!F:F,'📅 Daily Vitals Log'!B:B,">="&B12,'📅 Daily Vitals Log'!B:B,"<="&B12+6),1),"")) | H12: =IF(B12="","",IFERROR(ROUND(AVERAGEIFS('📅 Daily Vitals Log'!H:H,'📅 Daily Vitals Log'!B:B,">="&B12,'📅 Daily Vitals Log'!B:B,"<="&B12+6),2),"")) | I12: =IF(B12="","",IFERROR(ROUND(AVERAGEIFS('📅 Daily Vitals Log'!I:I,'📅 Daily Vitals Log'!B:B,">="&B12,'📅 Daily Vitals Log'!B:B,"<="&B12+6),0),"")) | J12: =IF(B12="","",IFERROR(ROUND(AVERAGEIFS('📅 Daily Vitals Log'!J:J,'📅 Daily Vitals Log'!B:B,">="&B12,'📅 Daily Vitals Log'!B:B,"<="&B12+6),0),"")) | K12: =IF(B12="","",IFERROR(ROUND(AVERAGEIFS('📅 Daily Vitals Log'!M:M,'📅 Daily Vitals Log'!B:B,">="&B12,'📅 Daily Vitals Log'!B:B,"<="&B12+6),0),"")) | L12: =IF(B12="","",IFERROR(SUMIFS('📅 Daily Vitals Log'!I:I,'📅 Daily Vitals Log'!B:B,">="&B12,'📅 Daily Vitals Log'!B:B,"<="&B12+6)-SUMIFS('📅 Daily Vitals Log'!J:J,'📅 Daily Vitals Log'!B:B,">="&B12,'📅 Daily Vitals Log'!B:B,"<="&B12+6),"")) | M12: =IF(B12="","",COUNTIFS('📅 Daily Vitals Log'!B:B,">="&B12,'📅 Daily Vitals Log'!B:B,"<="&B12+6,'📅 Daily Vitals Log'!F:F,"<94")) | N12: =IF(B12="","",SUMPRODUCT(('📅 Daily Vitals Log'!$B$4:$B$113>=B12)*('📅 Daily Vitals Log'!$B$4:$B$113<=B12+6)*('📅 Daily Vitals Log'!$C$4:$C$113<>"")*('📅 Daily Vitals Log'!$D$4:$D$113<>"")*((('📅 Daily Vitals Log'!$C$4:$C$113>'⚙ Dashboard Settings'!$I$9)+('📅 Daily Vitals Log'!$C$4:$C$113<'⚙ Dashboard Settings'!$I$10)+('📅 Daily Vitals Log'!$D$4:$D$113>'⚙ Dashboard Settings'!$I$11))>0)))
B13: =IF(B12="","",IF(B12+7>MAX('📅 Daily Vitals Log'!$B$4:$B$113),"",B12+7)) | C13: =IF(B13="","",B13+6) | D13: =IF(B13="","",IFERROR(ROUND(AVERAGEIFS('📅 Daily Vitals Log'!C:C,'📅 Daily Vitals Log'!B:B,">="&B13,'📅 Daily Vitals Log'!B:B,"<="&B13+6),1),"")) | E13: =IF(B13="","",IFERROR(ROUND(AVERAGEIFS('📅 Daily Vitals Log'!D:D,'📅 Daily Vitals Log'!B:B,">="&B13,'📅 Daily Vitals Log'!B:B,"<="&B13+6),1),"")) | F13: =IF(B13="","",IFERROR(ROUND(AVERAGEIFS('📅 Daily Vitals Log'!E:E,'📅 Daily Vitals Log'!B:B,">="&B13,'📅 Daily Vitals Log'!B:B,"<="&B13+6),1),"")) | G13: =IF(B13="","",IFERROR(ROUND(AVERAGEIFS('📅 Daily Vitals Log'!F:F,'📅 Daily Vitals Log'!B:B,">="&B13,'📅 Daily Vitals Log'!B:B,"<="&B13+6),1),"")) | H13: =IF(B13="","",IFERROR(ROUND(AVERAGEIFS('📅 Daily Vitals Log'!H:H,'📅 Daily Vitals Log'!B:B,">="&B13,'📅 Daily Vitals Log'!B:B,"<="&B13+6),2),"")) | I13: =IF(B13="","",IFERROR(ROUND(AVERAGEIFS('📅 Daily Vitals Log'!I:I,'📅 Daily Vitals Log'!B:B,">="&B13,'📅 Daily Vitals Log'!B:B,"<="&B13+6),0),"")) | J13: =IF(B13="","",IFERROR(ROUND(AVERAGEIFS('📅 Daily Vitals Log'!J:J,'📅 Daily Vitals Log'!B:B,">="&B13,'📅 Daily Vitals Log'!B:B,"<="&B13+6),0),"")) | K13: =IF(B13="","",IFERROR(ROUND(AVERAGEIFS('📅 Daily Vitals Log'!M:M,'📅 Daily Vitals Log'!B:B,">="&B13,'📅 Daily Vitals Log'!B:B,"<="&B13+6),0),"")) | L13: =IF(B13="","",IFERROR(SUMIFS('📅 Daily Vitals Log'!I:I,'📅 Daily Vitals Log'!B:B,">="&B13,'📅 Daily Vitals Log'!B:B,"<="&B13+6)-SUMIFS('📅 Daily Vitals Log'!J:J,'📅 Daily Vitals Log'!B:B,">="&B13,'📅 Daily Vitals Log'!B:B,"<="&B13+6),"")) | M13: =IF(B13="","",COUNTIFS('📅 Daily Vitals Log'!B:B,">="&B13,'📅 Daily Vitals Log'!B:B,"<="&B13+6,'📅 Daily Vitals Log'!F:F,"<94")) | N13: =IF(B13="","",SUMPRODUCT(('📅 Daily Vitals Log'!$B$4:$B$113>=B13)*('📅 Daily Vitals Log'!$B$4:$B$113<=B13+6)*('📅 Daily Vitals Log'!$C$4:$C$113<>"")*('📅 Daily Vitals Log'!$D$4:$D$113<>"")*((('📅 Daily Vitals Log'!$C$4:$C$113>'⚙ Dashboard Settings'!$I$9)+('📅 Daily Vitals Log'!$C$4:$C$113<'⚙ Dashboard Settings'!$I$10)+('📅 Daily Vitals Log'!$D$4:$D$113>'⚙ Dashboard Settings'!$I$11))>0)))
B14: =IF(B13="","",IF(B13+7>MAX('📅 Daily Vitals Log'!$B$4:$B$113),"",B13+7)) | C14: =IF(B14="","",B14+6) | D14: =IF(B14="","",IFERROR(ROUND(AVERAGEIFS('📅 Daily Vitals Log'!C:C,'📅 Daily Vitals Log'!B:B,">="&B14,'📅 Daily Vitals Log'!B:B,"<="&B14+6),1),"")) | E14: =IF(B14="","",IFERROR(ROUND(AVERAGEIFS('📅 Daily Vitals Log'!D:D,'📅 Daily Vitals Log'!B:B,">="&B14,'📅 Daily Vitals Log'!B:B,"<="&B14+6),1),"")) | F14: =IF(B14="","",IFERROR(ROUND(AVERAGEIFS('📅 Daily Vitals Log'!E:E,'📅 Daily Vitals Log'!B:B,">="&B14,'📅 Daily Vitals Log'!B:B,"<="&B14+6),1),"")) | G14: =IF(B14="","",IFERROR(ROUND(AVERAGEIFS('📅 Daily Vitals Log'!F:F,'📅 Daily Vitals Log'!B:B,">="&B14,'📅 Daily Vitals Log'!B:B,"<="&B14+6),1),"")) | H14: =IF(B14="","",IFERROR(ROUND(AVERAGEIFS('📅 Daily Vitals Log'!H:H,'📅 Daily Vitals Log'!B:B,">="&B14,'📅 Daily Vitals Log'!B:B,"<="&B14+6),2),"")) | I14: =IF(B14="","",IFERROR(ROUND(AVERAGEIFS('📅 Daily Vitals Log'!I:I,'📅 Daily Vitals Log'!B:B,">="&B14,'📅 Daily Vitals Log'!B:B,"<="&B14+6),0),"")) | J14: =IF(B14="","",IFERROR(ROUND(AVERAGEIFS('📅 Daily Vitals Log'!J:J,'📅 Daily Vitals Log'!B:B,">="&B14,'📅 Daily Vitals Log'!B:B,"<="&B14+6),0),"")) | K14: =IF(B14="","",IFERROR(ROUND(AVERAGEIFS('📅 Daily Vitals Log'!M:M,'📅 Daily Vitals Log'!B:B,">="&B14,'📅 Daily Vitals Log'!B:B,"<="&B14+6),0),"")) | L14: =IF(B14="","",IFERROR(SUMIFS('📅 Daily Vitals Log'!I:I,'📅 Daily Vitals Log'!B:B,">="&B14,'📅 Daily Vitals Log'!B:B,"<="&B14+6)-SUMIFS('📅 Daily Vitals Log'!J:J,'📅 Daily Vitals Log'!B:B,">="&B14,'📅 Daily Vitals Log'!B:B,"<="&B14+6),"")) | M14: =IF(B14="","",COUNTIFS('📅 Daily Vitals Log'!B:B,">="&B14,'📅 Daily Vitals Log'!B:B,"<="&B14+6,'📅 Daily Vitals Log'!F:F,"<94")) | N14: =IF(B14="","",SUMPRODUCT(('📅 Daily Vitals Log'!$B$4:$B$113>=B14)*('📅 Daily Vitals Log'!$B$4:$B$113<=B14+6)*('📅 Daily Vitals Log'!$C$4:$C$113<>"")*('📅 Daily Vitals Log'!$D$4:$D$113<>"")*((('📅 Daily Vitals Log'!$C$4:$C$113>'⚙ Dashboard Settings'!$I$9)+('📅 Daily Vitals Log'!$C$4:$C$113<'⚙ Dashboard Settings'!$I$10)+('📅 Daily Vitals Log'!$D$4:$D$113>'⚙ Dashboard Settings'!$I$11))>0)))
B15: =IF(B14="","",IF(B14+7>MAX('📅 Daily Vitals Log'!$B$4:$B$113),"",B14+7)) | C15: =IF(B15="","",B15+6) | D15: =IF(B15="","",IFERROR(ROUND(AVERAGEIFS('📅 Daily Vitals Log'!C:C,'📅 Daily Vitals Log'!B:B,">="&B15,'📅 Daily Vitals Log'!B:B,"<="&B15+6),1),"")) | E15: =IF(B15="","",IFERROR(ROUND(AVERAGEIFS('📅 Daily Vitals Log'!D:D,'📅 Daily Vitals Log'!B:B,">="&B15,'📅 Daily Vitals Log'!B:B,"<="&B15+6),1),"")) | F15: =IF(B15="","",IFERROR(ROUND(AVERAGEIFS('📅 Daily Vitals Log'!E:E,'📅 Daily Vitals Log'!B:B,">="&B15,'📅 Daily Vitals Log'!B:B,"<="&B15+6),1),"")) | G15: =IF(B15="","",IFERROR(ROUND(AVERAGEIFS('📅 Daily Vitals Log'!F:F,'📅 Daily Vitals Log'!B:B,">="&B15,'📅 Daily Vitals Log'!B:B,"<="&B15+6),1),"")) | H15: =IF(B15="","",IFERROR(ROUND(AVERAGEIFS('📅 Daily Vitals Log'!H:H,'📅 Daily Vitals Log'!B:B,">="&B15,'📅 Daily Vitals Log'!B:B,"<="&B15+6),2),"")) | I15: =IF(B15="","",IFERROR(ROUND(AVERAGEIFS('📅 Daily Vitals Log'!I:I,'📅 Daily Vitals Log'!B:B,">="&B15,'📅 Daily Vitals Log'!B:B,"<="&B15+6),0),"")) | J15: =IF(B15="","",IFERROR(ROUND(AVERAGEIFS('📅 Daily Vitals Log'!J:J,'📅 Daily Vitals Log'!B:B,">="&B15,'📅 Daily Vitals Log'!B:B,"<="&B15+6),0),"")) | K15: =IF(B15="","",IFERROR(ROUND(AVERAGEIFS('📅 Daily Vitals Log'!M:M,'📅 Daily Vitals Log'!B:B,">="&B15,'📅 Daily Vitals Log'!B:B,"<="&B15+6),0),"")) | L15: =IF(B15="","",IFERROR(SUMIFS('📅 Daily Vitals Log'!I:I,'📅 Daily Vitals Log'!B:B,">="&B15,'📅 Daily Vitals Log'!B:B,"<="&B15+6)-SUMIFS('📅 Daily Vitals Log'!J:J,'📅 Daily Vitals Log'!B:B,">="&B15,'📅 Daily Vitals Log'!B:B,"<="&B15+6),"")) | M15: =IF(B15="","",COUNTIFS('📅 Daily Vitals Log'!B:B,">="&B15,'📅 Daily Vitals Log'!B:B,"<="&B15+6,'📅 Daily Vitals Log'!F:F,"<94")) | N15: =IF(B15="","",SUMPRODUCT(('📅 Daily Vitals Log'!$B$4:$B$113>=B15)*('📅 Daily Vitals Log'!$B$4:$B$113<=B15+6)*('📅 Daily Vitals Log'!$C$4:$C$113<>"")*('📅 Daily Vitals Log'!$D$4:$D$113<>"")*((('📅 Daily Vitals Log'!$C$4:$C$113>'⚙ Dashboard Settings'!$I$9)+('📅 Daily Vitals Log'!$C$4:$C$113<'⚙ Dashboard Settings'!$I$10)+('📅 Daily Vitals Log'!$D$4:$D$113>'⚙ Dashboard Settings'!$I$11))>0)))
B16: =IF(B15="","",IF(B15+7>MAX('📅 Daily Vitals Log'!$B$4:$B$113),"",B15+7)) | C16: =IF(B16="","",B16+6) | D16: =IF(B16="","",IFERROR(ROUND(AVERAGEIFS('📅 Daily Vitals Log'!C:C,'📅 Daily Vitals Log'!B:B,">="&B16,'📅 Daily Vitals Log'!B:B,"<="&B16+6),1),"")) | E16: =IF(B16="","",IFERROR(ROUND(AVERAGEIFS('📅 Daily Vitals Log'!D:D,'📅 Daily Vitals Log'!B:B,">="&B16,'📅 Daily Vitals Log'!B:B,"<="&B16+6),1),"")) | F16: =IF(B16="","",IFERROR(ROUND(AVERAGEIFS('📅 Daily Vitals Log'!E:E,'📅 Daily Vitals Log'!B:B,">="&B16,'📅 Daily Vitals Log'!B:B,"<="&B16+6),1),"")) | G16: =IF(B16="","",IFERROR(ROUND(AVERAGEIFS('📅 Daily Vitals Log'!F:F,'📅 Daily Vitals Log'!B:B,">="&B16,'📅 Daily Vitals Log'!B:B,"<="&B16+6),1),"")) | H16: =IF(B16="","",IFERROR(ROUND(AVERAGEIFS('📅 Daily Vitals Log'!H:H,'📅 Daily Vitals Log'!B:B,">="&B16,'📅 Daily Vitals Log'!B:B,"<="&B16+6),2),"")) | I16: =IF(B16="","",IFERROR(ROUND(AVERAGEIFS('📅 Daily Vitals Log'!I:I,'📅 Daily Vitals Log'!B:B,">="&B16,'📅 Daily Vitals Log'!B:B,"<="&B16+6),0),"")) | J16: =IF(B16="","",IFERROR(ROUND(AVERAGEIFS('📅 Daily Vitals Log'!J:J,'📅 Daily Vitals Log'!B:B,">="&B16,'📅 Daily Vitals Log'!B:B,"<="&B16+6),0),"")) | K16: =IF(B16="","",IFERROR(ROUND(AVERAGEIFS('📅 Daily Vitals Log'!M:M,'📅 Daily Vitals Log'!B:B,">="&B16,'📅 Daily Vitals Log'!B:B,"<="&B16+6),0),"")) | L16: =IF(B16="","",IFERROR(SUMIFS('📅 Daily Vitals Log'!I:I,'📅 Daily Vitals Log'!B:B,">="&B16,'📅 Daily Vitals Log'!B:B,"<="&B16+6)-SUMIFS('📅 Daily Vitals Log'!J:J,'📅 Daily Vitals Log'!B:B,">="&B16,'📅 Daily Vitals Log'!B:B,"<="&B16+6),"")) | M16: =IF(B16="","",COUNTIFS('📅 Daily Vitals Log'!B:B,">="&B16,'📅 Daily Vitals Log'!B:B,"<="&B16+6,'📅 Daily Vitals Log'!F:F,"<94")) | N16: =IF(B16="","",SUMPRODUCT(('📅 Daily Vitals Log'!$B$4:$B$113>=B16)*('📅 Daily Vitals Log'!$B$4:$B$113<=B16+6)*('📅 Daily Vitals Log'!$C$4:$C$113<>"")*('📅 Daily Vitals Log'!$D$4:$D$113<>"")*((('📅 Daily Vitals Log'!$C$4:$C$113>'⚙ Dashboard Settings'!$I$9)+('📅 Daily Vitals Log'!$C$4:$C$113<'⚙ Dashboard Settings'!$I$10)+('📅 Daily Vitals Log'!$D$4:$D$113>'⚙ Dashboard Settings'!$I$11))>0)))
B17: =IF(B16="","",IF(B16+7>MAX('📅 Daily Vitals Log'!$B$4:$B$113),"",B16+7)) | C17: =IF(B17="","",B17+6) | D17: =IF(B17="","",IFERROR(ROUND(AVERAGEIFS('📅 Daily Vitals Log'!C:C,'📅 Daily Vitals Log'!B:B,">="&B17,'📅 Daily Vitals Log'!B:B,"<="&B17+6),1),"")) | E17: =IF(B17="","",IFERROR(ROUND(AVERAGEIFS('📅 Daily Vitals Log'!D:D,'📅 Daily Vitals Log'!B:B,">="&B17,'📅 Daily Vitals Log'!B:B,"<="&B17+6),1),"")) | F17: =IF(B17="","",IFERROR(ROUND(AVERAGEIFS('📅 Daily Vitals Log'!E:E,'📅 Daily Vitals Log'!B:B,">="&B17,'📅 Daily Vitals Log'!B:B,"<="&B17+6),1),"")) | G17: =IF(B17="","",IFERROR(ROUND(AVERAGEIFS('📅 Daily Vitals Log'!F:F,'📅 Daily Vitals Log'!B:B,">="&B17,'📅 Daily Vitals Log'!B:B,"<="&B17+6),1),"")) | H17: =IF(B17="","",IFERROR(ROUND(AVERAGEIFS('📅 Daily Vitals Log'!H:H,'📅 Daily Vitals Log'!B:B,">="&B17,'📅 Daily Vitals Log'!B:B,"<="&B17+6),2),"")) | I17: =IF(B17="","",IFERROR(ROUND(AVERAGEIFS('📅 Daily Vitals Log'!I:I,'📅 Daily Vitals Log'!B:B,">="&B17,'📅 Daily Vitals Log'!B:B,"<="&B17+6),0),"")) | J17: =IF(B17="","",IFERROR(ROUND(AVERAGEIFS('📅 Daily Vitals Log'!J:J,'📅 Daily Vitals Log'!B:B,">="&B17,'📅 Daily Vitals Log'!B:B,"<="&B17+6),0),"")) | K17: =IF(B17="","",IFERROR(ROUND(AVERAGEIFS('📅 Daily Vitals Log'!M:M,'📅 Daily Vitals Log'!B:B,">="&B17,'📅 Daily Vitals Log'!B:B,"<="&B17+6),0),"")) | L17: =IF(B17="","",IFERROR(SUMIFS('📅 Daily Vitals Log'!I:I,'📅 Daily Vitals Log'!B:B,">="&B17,'📅 Daily Vitals Log'!B:B,"<="&B17+6)-SUMIFS('📅 Daily Vitals Log'!J:J,'📅 Daily Vitals Log'!B:B,">="&B17,'📅 Daily Vitals Log'!B:B,"<="&B17+6),"")) | M17: =IF(B17="","",COUNTIFS('📅 Daily Vitals Log'!B:B,">="&B17,'📅 Daily Vitals Log'!B:B,"<="&B17+6,'📅 Daily Vitals Log'!F:F,"<94")) | N17: =IF(B17="","",SUMPRODUCT(('📅 Daily Vitals Log'!$B$4:$B$113>=B17)*('📅 Daily Vitals Log'!$B$4:$B$113<=B17+6)*('📅 Daily Vitals Log'!$C$4:$C$113<>"")*('📅 Daily Vitals Log'!$D$4:$D$113<>"")*((('📅 Daily Vitals Log'!$C$4:$C$113>'⚙ Dashboard Settings'!$I$9)+('📅 Daily Vitals Log'!$C$4:$C$113<'⚙ Dashboard Settings'!$I$10)+('📅 Daily Vitals Log'!$D$4:$D$113>'⚙ Dashboard Settings'!$I$11))>0)))
B18: =IF(B17="","",IF(B17+7>MAX('📅 Daily Vitals Log'!$B$4:$B$113),"",B17+7)) | C18: =IF(B18="","",B18+6) | D18: =IF(B18="","",IFERROR(ROUND(AVERAGEIFS('📅 Daily Vitals Log'!C:C,'📅 Daily Vitals Log'!B:B,">="&B18,'📅 Daily Vitals Log'!B:B,"<="&B18+6),1),"")) | E18: =IF(B18="","",IFERROR(ROUND(AVERAGEIFS('📅 Daily Vitals Log'!D:D,'📅 Daily Vitals Log'!B:B,">="&B18,'📅 Daily Vitals Log'!B:B,"<="&B18+6),1),"")) | F18: =IF(B18="","",IFERROR(ROUND(AVERAGEIFS('📅 Daily Vitals Log'!E:E,'📅 Daily Vitals Log'!B:B,">="&B18,'📅 Daily Vitals Log'!B:B,"<="&B18+6),1),"")) | G18: =IF(B18="","",IFERROR(ROUND(AVERAGEIFS('📅 Daily Vitals Log'!F:F,'📅 Daily Vitals Log'!B:B,">="&B18,'📅 Daily Vitals Log'!B:B,"<="&B18+6),1),"")) | H18: =IF(B18="","",IFERROR(ROUND(AVERAGEIFS('📅 Daily Vitals Log'!H:H,'📅 Daily Vitals Log'!B:B,">="&B18,'📅 Daily Vitals Log'!B:B,"<="&B18+6),2),"")) | I18: =IF(B18="","",IFERROR(ROUND(AVERAGEIFS('📅 Daily Vitals Log'!I:I,'📅 Daily Vitals Log'!B:B,">="&B18,'📅 Daily Vitals Log'!B:B,"<="&B18+6),0),"")) | J18: =IF(B18="","",IFERROR(ROUND(AVERAGEIFS('📅 Daily Vitals Log'!J:J,'📅 Daily Vitals Log'!B:B,">="&B18,'📅 Daily Vitals Log'!B:B,"<="&B18+6),0),"")) | K18: =IF(B18="","",IFERROR(ROUND(AVERAGEIFS('📅 Daily Vitals Log'!M:M,'📅 Daily Vitals Log'!B:B,">="&B18,'📅 Daily Vitals Log'!B:B,"<="&B18+6),0),"")) | L18: =IF(B18="","",IFERROR(SUMIFS('📅 Daily Vitals Log'!I:I,'📅 Daily Vitals Log'!B:B,">="&B18,'📅 Daily Vitals Log'!B:B,"<="&B18+6)-SUMIFS('📅 Daily Vitals Log'!J:J,'📅 Daily Vitals Log'!B:B,">="&B18,'📅 Daily Vitals Log'!B:B,"<="&B18+6),"")) | M18: =IF(B18="","",COUNTIFS('📅 Daily Vitals Log'!B:B,">="&B18,'📅 Daily Vitals Log'!B:B,"<="&B18+6,'📅 Daily Vitals Log'!F:F,"<94")) | N18: =IF(B18="","",SUMPRODUCT(('📅 Daily Vitals Log'!$B$4:$B$113>=B18)*('📅 Daily Vitals Log'!$B$4:$B$113<=B18+6)*('📅 Daily Vitals Log'!$C$4:$C$113<>"")*('📅 Daily Vitals Log'!$D$4:$D$113<>"")*((('📅 Daily Vitals Log'!$C$4:$C$113>'⚙ Dashboard Settings'!$I$9)+('📅 Daily Vitals Log'!$C$4:$C$113<'⚙ Dashboard Settings'!$I$10)+('📅 Daily Vitals Log'!$D$4:$D$113>'⚙ Dashboard Settings'!$I$11))>0)))
B19: =IF(B18="","",IF(B18+7>MAX('📅 Daily Vitals Log'!$B$4:$B$113),"",B18+7)) | C19: =IF(B19="","",B19+6) | D19: =IF(B19="","",IFERROR(ROUND(AVERAGEIFS('📅 Daily Vitals Log'!C:C,'📅 Daily Vitals Log'!B:B,">="&B19,'📅 Daily Vitals Log'!B:B,"<="&B19+6),1),"")) | E19: =IF(B19="","",IFERROR(ROUND(AVERAGEIFS('📅 Daily Vitals Log'!D:D,'📅 Daily Vitals Log'!B:B,">="&B19,'📅 Daily Vitals Log'!B:B,"<="&B19+6),1),"")) | F19: =IF(B19="","",IFERROR(ROUND(AVERAGEIFS('📅 Daily Vitals Log'!E:E,'📅 Daily Vitals Log'!B:B,">="&B19,'📅 Daily Vitals Log'!B:B,"<="&B19+6),1),"")) | G19: =IF(B19="","",IFERROR(ROUND(AVERAGEIFS('📅 Daily Vitals Log'!F:F,'📅 Daily Vitals Log'!B:B,">="&B19,'📅 Daily Vitals Log'!B:B,"<="&B19+6),1),"")) | H19: =IF(B19="","",IFERROR(ROUND(AVERAGEIFS('📅 Daily Vitals Log'!H:H,'📅 Daily Vitals Log'!B:B,">="&B19,'📅 Daily Vitals Log'!B:B,"<="&B19+6),2),"")) | I19: =IF(B19="","",IFERROR(ROUND(AVERAGEIFS('📅 Daily Vitals Log'!I:I,'📅 Daily Vitals Log'!B:B,">="&B19,'📅 Daily Vitals Log'!B:B,"<="&B19+6),0),"")) | J19: =IF(B19="","",IFERROR(ROUND(AVERAGEIFS('📅 Daily Vitals Log'!J:J,'📅 Daily Vitals Log'!B:B,">="&B19,'📅 Daily Vitals Log'!B:B,"<="&B19+6),0),"")) | K19: =IF(B19="","",IFERROR(ROUND(AVERAGEIFS('📅 Daily Vitals Log'!M:M,'📅 Daily Vitals Log'!B:B,">="&B19,'📅 Daily Vitals Log'!B:B,"<="&B19+6),0),"")) | L19: =IF(B19="","",IFERROR(SUMIFS('📅 Daily Vitals Log'!I:I,'📅 Daily Vitals Log'!B:B,">="&B19,'📅 Daily Vitals Log'!B:B,"<="&B19+6)-SUMIFS('📅 Daily Vitals Log'!J:J,'📅 Daily Vitals Log'!B:B,">="&B19,'📅 Daily Vitals Log'!B:B,"<="&B19+6),"")) | M19: =IF(B19="","",COUNTIFS('📅 Daily Vitals Log'!B:B,">="&B19,'📅 Daily Vitals Log'!B:B,"<="&B19+6,'📅 Daily Vitals Log'!F:F,"<94")) | N19: =IF(B19="","",SUMPRODUCT(('📅 Daily Vitals Log'!$B$4:$B$113>=B19)*('📅 Daily Vitals Log'!$B$4:$B$113<=B19+6)*('📅 Daily Vitals Log'!$C$4:$C$113<>"")*('📅 Daily Vitals Log'!$D$4:$D$113<>"")*((('📅 Daily Vitals Log'!$C$4:$C$113>'⚙ Dashboard Settings'!$I$9)+('📅 Daily Vitals Log'!$C$4:$C$113<'⚙ Dashboard Settings'!$I$10)+('📅 Daily Vitals Log'!$D$4:$D$113>'⚙ Dashboard Settings'!$I$11))>0)))
... B59: =IF(B58="","",IF(B58+7>MAX('📅 Daily Vitals Log'!$B$4:$B$113),"",B58+7)) | C59: =IF(B59="","",B59+6) | D59: =IF(B59="","",IFERROR(ROUND(AVERAGEIFS('📅 Daily Vitals Log'!C:C,'📅 Daily Vitals Log'!B:B,">="&B59,'📅 Daily Vitals Log'!B:B,"<="&B59+6),1),"")) | E59: =IF(B59="","",IFERROR(ROUND(AVERAGEIFS('📅 Daily Vitals Log'!D:D,'📅 Daily Vitals Log'!B:B,">="&B59,'📅 Daily Vitals Log'!B:B,"<="&B59+6),1),"")) | F59: =IF(B59="","",IFERROR(ROUND(AVERAGEIFS('📅 Daily Vitals Log'!E:E,'📅 Daily Vitals Log'!B:B,">="&B59,'📅 Daily Vitals Log'!B:B,"<="&B59+6),1),"")) | G59: =IF(B59="","",IFERROR(ROUND(AVERAGEIFS('📅 Daily Vitals Log'!F:F,'📅 Daily Vitals Log'!B:B,">="&B59,'📅 Daily Vitals Log'!B:B,"<="&B59+6),1),"")) | H59: =IF(B59="","",IFERROR(ROUND(AVERAGEIFS('📅 Daily Vitals Log'!H:H,'📅 Daily Vitals Log'!B:B,">="&B59,'📅 Daily Vitals Log'!B:B,"<="&B59+6),2),"")) | I59: =IF(B59="","",IFERROR(ROUND(AVERAGEIFS('📅 Daily Vitals Log'!I:I,'📅 Daily Vitals Log'!B:B,">="&B59,'📅 Daily Vitals Log'!B:B,"<="&B59+6),0),"")) | J59: =IF(B59="","",IFERROR(ROUND(AVERAGEIFS('📅 Daily Vitals Log'!J:J,'📅 Daily Vitals Log'!B:B,">="&B59,'📅 Daily Vitals Log'!B:B,"<="&B59+6),0),"")) | K59: =IF(B59="","",IFERROR(ROUND(AVERAGEIFS('📅 Daily Vitals Log'!M:M,'📅 Daily Vitals Log'!B:B,">="&B59,'📅 Daily Vitals Log'!B:B,"<="&B59+6),0),"")) | L59: =IF(B59="","",IFERROR(SUMIFS('📅 Daily Vitals Log'!I:I,'📅 Daily Vitals Log'!B:B,">="&B59,'📅 Daily Vitals Log'!B:B,"<="&B59+6)-SUMIFS('📅 Daily Vitals Log'!J:J,'📅 Daily Vitals Log'!B:B,">="&B59,'📅 Daily Vitals Log'!B:B,"<="&B59+6),"")) | M59: =IF(B59="","",COUNTIFS('📅 Daily Vitals Log'!B:B,">="&B59,'📅 Daily Vitals Log'!B:B,"<="&B59+6,'📅 Daily Vitals Log'!F:F,"<94")) | N59: =IF(B59="","",SUMPRODUCT(('📅 Daily Vitals Log'!$B$4:$B$113>=B59)*('📅 Daily Vitals Log'!$B$4:$B$113<=B59+6)*('📅 Daily Vitals Log'!$C$4:$C$113<>"")*('📅 Daily Vitals Log'!$D$4:$D$113<>"")*((('📅 Daily Vitals Log'!$C$4:$C$113>'⚙ Dashboard Settings'!$I$9)+('📅 Daily Vitals Log'!$C$4:$C$113<'⚙ Dashboard Settings'!$I$10)+('📅 Daily Vitals Log'!$D$4:$D$113>'⚙ Dashboard Settings'!$I$11))>0)))
B61: DOCTOR'S INTERPRETATION GUIDE
B62: • Net Fluid Balance: Positive >500 mL/week → check for oedema, graft dysfunction.
B63: • SpO₂ Alerts: Any red day (<94%) requires prompt review — pulmonary oedema or infection.
B64: • BP Alerts: Persistent out-of-range days → review antihypertensive therapy.
B65: • Weight trend: Sudden gain >1 kg in 2 days or >2 kg/week → possible fluid overload.
B66: • Avg Sugar: Consistently above your sugar alert limit (⚙ Dashboard Settings; default 180 mg/dL) → review for Post-Transplant Diabetes Mellitus (PTDM).

Sheet 🗓 Doctor Visit Log
B1: DOCTOR CONSULTATION / FOLLOW-UP VISIT LOG — POST-TRANSPLANT NEPHROLOGY
B2: HOW TO USE: ① Pick the consultation date in B5. ② Copy the pink cells C4:P4. ③ Type the same date in column B of the next blank row, then PASTE SPECIAL ▸ VALUES (Ctrl+Alt+V, then V) into C of that row. ④ Fill the white columns Q–T. (A cell turns ORANGE if a formula was pasted by mistake — re-paste as Values.) | H2: ⚠ ONE-TIME SETUP — enter the patient's HEIGHT (cm) in the yellow box first, before recording any visit. Enter it ONCE and do NOT change it later: every BMI in this log is calculated from it. | O2: HEIGHT (cm) ► | Q2: =IF($P$2="","❌ HEIGHT MISSING — enter it before recording visits","✔ Height fixed at "&$P$2&" cm — do not change") -> ❌ HEIGHT MISSING — enter it before recording visits
B3: Date of Consultation | C3: FBS (mg/dL) | D3: BP-Sys (mmHg) | E3: BP-Dias (mmHg) | F3: Pulse (bpm) | G3: Weight (kg) | H3: Calculated BMI | I3: Creatinine (mg/dL) | J3: eGFR (mL/min) | K3: Hb (g/dL) | L3: TLC (×10³/μL) | M3: Platelets (×10³/μL) | N3: Urine PCR (mg/g) | O3: Tac Level (ng/mL) | P3: BKV PCR (copies/mL) | Q3: Tac Dose (mg/day) | R3: Other Immuno Suppressants | S3: Doctor's Notes / Action Plan | T3: Next Consultation Date
B4: Consltn Date ↓ | C4: =IF(NOT(ISNUMBER($B$5)),"",IFERROR(IF(INDEX('📅 Daily Vitals Log'!$M$4:$M$115,MATCH($B$5,'📅 Daily Vitals Log'!$B$4:$B$115,0))="","Not Avl",INDEX('📅 Daily Vitals Log'!$M$4:$M$115,MATCH($B$5,'📅 Daily Vitals Log'!$B$4:$B$115,0))),"Not Avl")) | D4: =IF(NOT(ISNUMBER($B$5)),"",IFERROR(IF(INDEX('📅 Daily Vitals Log'!$C$4:$C$115,MATCH($B$5,'📅 Daily Vitals Log'!$B$4:$B$115,0))="","Not Avl",INDEX('📅 Daily Vitals Log'!$C$4:$C$115,MATCH($B$5,'📅 Daily Vitals Log'!$B$4:$B$115,0))),"Not Avl")) | E4: =IF(NOT(ISNUMBER($B$5)),"",IFERROR(IF(INDEX('📅 Daily Vitals Log'!$D$4:$D$115,MATCH($B$5,'📅 Daily Vitals Log'!$B$4:$B$115,0))="","Not Avl",INDEX('📅 Daily Vitals Log'!$D$4:$D$115,MATCH($B$5,'📅 Daily Vitals Log'!$B$4:$B$115,0))),"Not Avl")) | F4: =IF(NOT(ISNUMBER($B$5)),"",IFERROR(IF(INDEX('📅 Daily Vitals Log'!$E$4:$E$115,MATCH($B$5,'📅 Daily Vitals Log'!$B$4:$B$115,0))="","Not Avl",INDEX('📅 Daily Vitals Log'!$E$4:$E$115,MATCH($B$5,'📅 Daily Vitals Log'!$B$4:$B$115,0))),"Not Avl")) | G4: =IF(NOT(ISNUMBER($B$5)),"",IFERROR(IF(INDEX('📅 Daily Vitals Log'!$H$4:$H$115,MATCH($B$5,'📅 Daily Vitals Log'!$B$4:$B$115,0))="","Not Avl",INDEX('📅 Daily Vitals Log'!$H$4:$H$115,MATCH($B$5,'📅 Daily Vitals Log'!$B$4:$B$115,0))),"Not Avl")) | H4: =IF(NOT(ISNUMBER($B$5)),"",IF(NOT(ISNUMBER($P$2)),"Enter Height",IF(ISNUMBER(G4),ROUND(G4/($P$2/100)^2,2),"Not Avl"))) | I4: =IF(NOT(ISNUMBER($B$5)),"",IFERROR(LOOKUP(2,1/(('🧪 Lab Results'!$G$4:$Z$4<=$B$5)*('🧪 Lab Results'!$G$4:$Z$4<>"")*('🧪 Lab Results'!$G$6:$Z$6<>"")),'🧪 Lab Results'!$G$6:$Z$6),"Not Avl")) | J4: =IF(NOT(ISNUMBER($B$5)),"",IFERROR(LOOKUP(2,1/(('🧪 Lab Results'!$G$4:$Z$4<=$B$5)*('🧪 Lab Results'!$G$4:$Z$4<>"")*('🧪 Lab Results'!$G$7:$Z$7<>"")),'🧪 Lab Results'!$G$7:$Z$7),"Not Avl")) | K4: =IF(NOT(ISNUMBER($B$5)),"",IFERROR(LOOKUP(2,1/(('🧪 Lab Results'!$G$4:$Z$4<=$B$5)*('🧪 Lab Results'!$G$4:$Z$4<>"")*('🧪 Lab Results'!$G$21:$Z$21<>"")),'🧪 Lab Results'!$G$21:$Z$21),"Not Avl")) | L4: =IF(NOT(ISNUMBER($B$5)),"",IFERROR(LOOKUP(2,1/(('🧪 Lab Results'!$G$4:$Z$4<=$B$5)*('🧪 Lab Results'!$G$4:$Z$4<>"")*('🧪 Lab Results'!$G$22:$Z$22<>"")),'🧪 Lab Results'!$G$22:$Z$22),"Not Avl")) | M4: =IF(NOT(ISNUMBER($B$5)),"",IFERROR(LOOKUP(2,1/(('🧪 Lab Results'!$G$4:$Z$4<=$B$5)*('🧪 Lab Results'!$G$4:$Z$4<>"")*('🧪 Lab Results'!$G$23:$Z$23<>"")),'🧪 Lab Results'!$G$23:$Z$23),"Not Avl")) | N4: =IF(NOT(ISNUMBER($B$5)),"",IFERROR(LOOKUP(2,1/(('🧪 Lab Results'!$G$4:$Z$4<=$B$5)*('🧪 Lab Results'!$G$4:$Z$4<>"")*('🧪 Lab Results'!$G$38:$Z$38<>"")),'🧪 Lab Results'!$G$38:$Z$38),"Not Avl")) | O4: =IF(NOT(ISNUMBER($B$5)),"",IFERROR(LOOKUP(2,1/(('🧪 Lab Results'!$G$4:$Z$4<=$B$5)*('🧪 Lab Results'!$G$4:$Z$4<>"")*('🧪 Lab Results'!$G$8:$Z$8<>"")),'🧪 Lab Results'!$G$8:$Z$8),"Not Avl")) | P4: =IF(NOT(ISNUMBER($B$5)),"",IFERROR(LOOKUP(2,1/(('🧪 Lab Results'!$G$4:$Z$4<=$B$5)*('🧪 Lab Results'!$G$4:$Z$4<>"")*('🧪 Lab Results'!$G$32:$Z$32<>"")),'🧪 Lab Results'!$G$32:$Z$32),"Not Avl")) | R4: Schedule guide ► | S4: =IF(NOT(ISNUMBER($B$5)),"",IF(NOT(ISNUMBER('👤 Patient Info'!$F$11)),"Enter Transplant Date (Patient Info)",IF($B$5<'👤 Patient Info'!$F$11,"Date is before the transplant date","Post-Tx "&DATEDIF('👤 Patient Info'!$F$11,$B$5,"m")&" m "&DATEDIF('👤 Patient Info'!$F$11,$B$5,"md")&" d ▪ "&CHOOSE(MATCH($AF$4,{15,30,60,90},0),"15-day visits","Monthly visits","Bi-monthly visits","Quarterly visits")&" ("&$AF$4&" d)"))) | T4: =IF(ISNUMBER($AF$4),$B$5+$AF$4,"") | W4: =IF(ISNUMBER($B$5),SUMPRODUCT(MAX(('🧪 Lab Results'!$G$4:$Z$4<=$B$5)*('🧪 Lab Results'!$G$4:$Z$4<>"")*'🧪 Lab Results'!$G$4:$Z$4)),"") | X4: =IF(NOT(ISNUMBER($B$5)),"",IFERROR(LOOKUP(2,1/(('🧪 Lab Results'!$G$4:$Z$4<=$B$5)*('🧪 Lab Results'!$G$4:$Z$4<>"")*('🧪 Lab Results'!$G$6:$Z$6<>"")),'🧪 Lab Results'!$G$4:$Z$4),"")) | Y4: =IF(NOT(ISNUMBER($B$5)),"",IFERROR(LOOKUP(2,1/(('🧪 Lab Results'!$G$4:$Z$4<=$B$5)*('🧪 Lab Results'!$G$4:$Z$4<>"")*('🧪 Lab Results'!$G$7:$Z$7<>"")),'🧪 Lab Results'!$G$4:$Z$4),"")) | Z4: =IF(NOT(ISNUMBER($B$5)),"",IFERROR(LOOKUP(2,1/(('🧪 Lab Results'!$G$4:$Z$4<=$B$5)*('🧪 Lab Results'!$G$4:$Z$4<>"")*('🧪 Lab Results'!$G$21:$Z$21<>"")),'🧪 Lab Results'!$G$4:$Z$4),"")) | AA4: =IF(NOT(ISNUMBER($B$5)),"",IFERROR(LOOKUP(2,1/(('🧪 Lab Results'!$G$4:$Z$4<=$B$5)*('🧪 Lab Results'!$G$4:$Z$4<>"")*('🧪 Lab Results'!$G$22:$Z$22<>"")),'🧪 Lab Results'!$G$4:$Z$4),"")) | AB4: =IF(NOT(ISNUMBER($B$5)),"",IFERROR(LOOKUP(2,1/(('🧪 Lab Results'!$G$4:$Z$4<=$B$5)*('🧪 Lab Results'!$G$4:$Z$4<>"")*('🧪 Lab Results'!$G$23:$Z$23<>"")),'🧪 Lab Results'!$G$4:$Z$4),"")) | AC4: =IF(NOT(ISNUMBER($B$5)),"",IFERROR(LOOKUP(2,1/(('🧪 Lab Results'!$G$4:$Z$4<=$B$5)*('🧪 Lab Results'!$G$4:$Z$4<>"")*('🧪 Lab Results'!$G$38:$Z$38<>"")),'🧪 Lab Results'!$G$4:$Z$4),"")) | AD4: =IF(NOT(ISNUMBER($B$5)),"",IFERROR(LOOKUP(2,1/(('🧪 Lab Results'!$G$4:$Z$4<=$B$5)*('🧪 Lab Results'!$G$4:$Z$4<>"")*('🧪 Lab Results'!$G$8:$Z$8<>"")),'🧪 Lab Results'!$G$4:$Z$4),"")) | AE4: =IF(NOT(ISNUMBER($B$5)),"",IFERROR(LOOKUP(2,1/(('🧪 Lab Results'!$G$4:$Z$4<=$B$5)*('🧪 Lab Results'!$G$4:$Z$4<>"")*('🧪 Lab Results'!$G$32:$Z$32<>"")),'🧪 Lab Results'!$G$4:$Z$4),"")) | AF4: =IF(OR(NOT(ISNUMBER($B$5)),NOT(ISNUMBER('👤 Patient Info'!$F$11))),"",IF($B$5<'👤 Patient Info'!$F$11,"",MAX(IF($B$5<EDATE('👤 Patient Info'!$F$11,1),15,IF($B$5<EDATE('👤 Patient Info'!$F$11,6),30,IF($B$5<EDATE('👤 Patient Info'!$F$11,12),60,90))),IF(($B$5+IF($B$5<EDATE('👤 Patient Info'!$F$11,1),15,IF($B$5<EDATE('👤 Patient Info'!$F$11,6),30,IF($B$5<EDATE('👤 Patient Info'!$F$11,12),60,90))))<EDATE('👤 Patient Info'!$F$11,1),15,IF(($B$5+IF($B$5<EDATE('👤 Patient Info'!$F$11,1),15,IF($B$5<EDATE('👤 Patient Info'!$F$11,6),30,IF($B$5<EDATE('👤 Patient Info'!$F$11,12),60,90))))<EDATE('👤 Patient Info'!$F$11,6),30,IF(($B$5+IF($B$5<EDATE('👤 Patient Info'!$F$11,1),15,IF($B$5<EDATE('👤 Patient Info'!$F$11,6),30,IF($B$5<EDATE('👤 Patient Info'!$F$11,12),60,90))))<EDATE('👤 Patient Info'!$F$11,12),60,90))))))
B5: ( Date ) | C5: Data from : Daily Vitals Log | H5: Formulae Based | I5: ="Data from : Lab Results — latest available result on / before the selected date"&IF(ISNUMBER($B$5),IF(SUMPRODUCT(MAX(('🧪 Lab Results'!$G$4:$Z$4<=$B$5)*('🧪 Lab Results'!$G$4:$Z$4<>"")*'🧪 Lab Results'!$G$4:$Z$4))=0," (no earlier lab on record)"," (newest lab date used: "&TEXT(SUMPRODUCT(MAX(('🧪 Lab Results'!$G$4:$Z$4<=$B$5)*('🧪 Lab Results'!$G$4:$Z$4<>"")*'🧪 Lab Results'!$G$4:$Z$4)),"dd-mmm-yyyy")&")"),"")&" ▪ DARKER pink = older result carried forward" -> Data from : Lab Results — latest available result on / before the selected date ▪ DARKER pink = older result carried forward | Q5: Manual Input
V6: =IFERROR(LARGE('📅 Daily Vitals Log'!$B$4:$B$115,ROWS($V$6:V6)),"")
V7: =IFERROR(LARGE('📅 Daily Vitals Log'!$B$4:$B$115,ROWS($V$6:V7)),"")
V8: =IFERROR(LARGE('📅 Daily Vitals Log'!$B$4:$B$115,ROWS($V$6:V8)),"")
V9: =IFERROR(LARGE('📅 Daily Vitals Log'!$B$4:$B$115,ROWS($V$6:V9)),"")
V10: =IFERROR(LARGE('📅 Daily Vitals Log'!$B$4:$B$115,ROWS($V$6:V10)),"")
V11: =IFERROR(LARGE('📅 Daily Vitals Log'!$B$4:$B$115,ROWS($V$6:V11)),"")
V12: =IFERROR(LARGE('📅 Daily Vitals Log'!$B$4:$B$115,ROWS($V$6:V12)),"")
V13: =IFERROR(LARGE('📅 Daily Vitals Log'!$B$4:$B$115,ROWS($V$6:V13)),"")
V14: =IFERROR(LARGE('📅 Daily Vitals Log'!$B$4:$B$115,ROWS($V$6:V14)),"")
V15: =IFERROR(LARGE('📅 Daily Vitals Log'!$B$4:$B$115,ROWS($V$6:V15)),"")
V16: =IFERROR(LARGE('📅 Daily Vitals Log'!$B$4:$B$115,ROWS($V$6:V16)),"")
V17: =IFERROR(LARGE('📅 Daily Vitals Log'!$B$4:$B$115,ROWS($V$6:V17)),"")
... V117: =IFERROR(LARGE('📅 Daily Vitals Log'!$B$4:$B$115,ROWS($V$6:V117)),"")

Sheet 📖 Lab Reference Ranges
B1: LABORATORY REFERENCE RANGES — KIDNEY TRANSPLANT PATIENTS
B2: Use these ranges to interpret follow-up lab values. Values outside TX Target require medical review.
B3: Parameter | C3: Unit | D3: Normal Range | E3: Target (Post-Transplant) | F3: Notes / Clinical Significance
B4: RENAL FUNCTION
B5: Serum Creatinine | C5: mg/dL | D5: 0.6 – 1.2 | E5: Stable baseline (patient-specific) | F5: Rising trend may indicate rejection
B6: eGFR | C6: mL/min | D6: > 60 | E6: > 45 (acceptable > 30) | F6: CKD staging based on eGFR
B7: Urine PCR (UACR) | C7: mg/g | D7: < 150 | E7: < 300 (stable graft) | F7: Proteinuria indicates graft stress
B8: 24h Urine Protein | C8: mg/24h | D8: < 150 | E8: < 300 | F8: Elevated in nephrotic syndrome
B9: IMMUNOSUPPRESSION
B10: Tacrolimus Trough | C10: ng/mL | D10: — | E10: Early (0–3m): 8–12 | Late (>6m): 5–8 | F10: Adjust dose per trough level; toxicity >15
B11: BKV PCR | C11: copies/mL | D11: Negative | E11: < 10,000 (low viremia) | F11: High viremia → BK nephropathy risk
B12: CMV PCR | C12: copies/mL | D12: Negative | E12: Undetectable | F12: Monitor monthly × 6 months post-Tx
B13: ELECTROLYTES
B14: Potassium | C14: mEq/L | D14: 3.5 – 5.0 | E14: 3.5 – 5.0 | F14: Hyperkalaemia with tacrolimus/CNIs
B15: Sodium | C15: mEq/L | D15: 135 – 145 | E15: 135 – 145 | F15: —
B16: Calcium (Total) | C16: mg/dL | D16: 8.5 – 10.5 | E16: 8.5 – 10.2 | F16: Hypercalcaemia → graft calcification risk
B17: Phosphorus | C17: mg/dL | D17: 2.5 – 4.5 | E17: 2.5 – 4.5 | F17: Hypophosphataemia post-Tx
B18: Serum Bicarbonate | C18: mEq/L | D18: 22 – 29 | E18: 22 – 29 | F18: Metabolic acidosis post-transplant
B19: Uric Acid | C19: mg/dL | D19: 2.4 – 7.0 | E19: < 7.0 | F19: Gout risk with cyclosporine
B20: METABOLIC / GLUCOSE
B21: FBS (Fasting Sugar) | C21: mg/dL | D21: 70 – 100 | E21: < 126 (target: avoid PTDM) | F21: PTDM risk with tacrolimus
B22: PPBS (Post-meal) | C22: mg/dL | D22: < 140 | E22: < 180 | F22: Post-Transplant Diabetes Mellitus
B23: HbA1c | C23: % | D23: ≤ 5.7 | E23: ≤ 7.0 | F23: 3-monthly monitoring
B24: HAEMATOLOGY
B25: Haemoglobin (Hb) | C25: g/dL | D25: 12 – 17 | E25: 11 – 14 | F25: Anaemia common post-transplant
B26: TLC (WBC) | C26: ×10³/μL | D26: 4.0 – 11.0 | E26: 4.0 – 10.0 | F26: Leukopenia may indicate drug toxicity
B27: Platelets | C27: ×10³/μL | D27: 150 – 400 | E27: 150 – 350 | F27: Monitor for thrombocytopenia
B28: Serum Albumin | C28: g/dL | D28: 3.5 – 5.0 | E28: 3.5 – 5.0 | F28: Low albumin = malnutrition / nephrotic
B29: VITALS TARGETS
B30: Blood Pressure | C30: mmHg | D30: < 120/80 | E30: < 130/80 | F30: Strict BP control protects graft
B31: SpO₂ | C31: % | D31: ≥ 95 | E31: ≥ 94 | F31: Alert if < 94%
B32: Temperature | C32: °F | D32: 97 – 99 | E32: < 100 | F32: Fever (>100.4°F) = urgent review
B33: BMI | C33: kg/m² | D33: 18.5 – 24.9 | E33: 18.5 – 27 | F33: Obesity increases graft failure risk
B34: Urine Output | C34: mL/day | D34: ≥ 1000 | E34: ≥ 1500 (preferred) | F34: Oliguria = urgent review
B35: OTHER MONITORING
B36: Vitamin D (25-OH) | C36: ng/mL | D36: 30 – 100 | E36: 30 – 100 | F36: Supplement if deficient
B37: LDL Cholesterol | C37: mg/dL | D37: < 100 | E37: < 100 | F37: Cardiovascular risk management
B38: SGOT / AST | C38: U/L | D38: ≤ 40 | E38: ≤ 40 | F38: Liver function — 3-monthly
B39: SGPT / ALT | C39: U/L | D39: ≤ 56 | E39: ≤ 56 | F39: Liver function — 3-monthly

Sheet ⚙ Dashboard Settings
B1: ⚙ DASHBOARD SETTINGS & CHART FEED
B2: Yellow cells are yours to edit (leave a limit blank for "no limit"). They drive the Status column of the Dashboard Lab Snapshot, the reference lines on the lab charts and the blood-sugar summary. Grey cells are formulas that feed the Dashboard and charts - please do not overwrite them.
B4: A. LAB ALERT LIMITS (editable) | H4: B. BLOOD SUGAR & TREND SETTINGS (editable) | L4: Helper formulas (do not edit) | P4: D. BLOOD-SUGAR CHART FEED | T4: E. ACTIVE-MEDICATION FEED (formulas - do not edit)
B5: Parameter (from Lab Results) | C5: Unit | D5: Low limit | E5: High limit | F5: Basis / note | H5: Fasting sugar target - low (mg/dL) | I5: 70 | L5: Outside-limit flag | M5: Latest column # | N5: Previous column # | O5: Running list | P5: ="Target low ("&$I$5&")" -> Target low (70) | Q5: ="Target high ("&$I$6&")" -> Target high (126) | R5: ="Alert above ("&$I$7&")" -> Alert above (180) | T5: Active count (running) | U5: Slot # | V5: Med row index | X5: Tip: column T keeps a running count of ACTIVE rows in Medication History (rows 5-204). Column V finds the row of the 1st, 2nd, 3rd ... active medication so the Doctor Referral Report can list them one below the other.
B6: =TRIM('🧪 Lab Results'!$B$6) -> Serum Creatinine | C6: =IF('🧪 Lab Results'!$C$6="","",'🧪 Lab Results'!$C$6) -> mg/dL | D6: 0.6 | E6: 1.2 | F6: Lab normal range. Graft baseline is patient-specific - set your own band with your doctor. | H6: Fasting sugar target - high (mg/dL) | I6: 126 | L6: =IF(OR('📈 Dashboard'!$O$58="▲ HIGH",'📈 Dashboard'!$O$58="▼ LOW"),B6,"") | M6: =SUMPRODUCT(MAX(('🧪 Lab Results'!$G6:$Z6<>"")*COLUMN('🧪 Lab Results'!$G6:$Z6))) -> 0 | N6: =IF(M6=0,0,SUMPRODUCT(MAX(('🧪 Lab Results'!$G6:$Z6<>"")*(COLUMN('🧪 Lab Results'!$G6:$Z6)<M6)*COLUMN('🧪 Lab Results'!$G6:$Z6)))) -> 0 | O6: =L6 | P6: =$I$5 -> 70 | Q6: =$I$6 -> 126 | R6: =$I$7 -> 180 | T6: =IF(TRIM('💊 Medication History'!$I$5)="ACTIVE",1,0) -> 0 | U6: 1 | V6: =IFERROR(MATCH(U6,$T$6:$T$205,0),0) -> 0
B7: =TRIM('🧪 Lab Results'!$B$7) -> eGFR | C7: =IF('🧪 Lab Results'!$C$7="","",'🧪 Lab Results'!$C$7) -> mL/min | D7: 45 | F7: Post-transplant target >= 45 (general normal >= 60). Lower limit only. | H7: Fasting sugar alert - above (mg/dL) | I7: 180 | L7: =IF(OR('📈 Dashboard'!$O$59="▲ HIGH",'📈 Dashboard'!$O$59="▼ LOW"),B7,"") | M7: =SUMPRODUCT(MAX(('🧪 Lab Results'!$G7:$Z7<>"")*COLUMN('🧪 Lab Results'!$G7:$Z7))) -> 0 | N7: =IF(M7=0,0,SUMPRODUCT(MAX(('🧪 Lab Results'!$G7:$Z7<>"")*(COLUMN('🧪 Lab Results'!$G7:$Z7)<M7)*COLUMN('🧪 Lab Results'!$G7:$Z7)))) -> 0 | O7: =O6&IF(AND(O6<>"",L7<>""),", ","")&L7 | P7: =$I$5 -> 70 | Q7: =$I$6 -> 126 | R7: =$I$7 -> 180 | T7: =T6+IF(TRIM('💊 Medication History'!$I$6)="ACTIVE",1,0) -> 0 | U7: 2 | V7: =IFERROR(MATCH(U7,$T$6:$T$205,0),0) -> 0
B8: =TRIM('🧪 Lab Results'!$B$8) -> Tacrolimus Trough | C8: =IF('🧪 Lab Results'!$C$8="","",'🧪 Lab Results'!$C$8) -> ng/mL | D8: 5 | E8: 12 | F8: Same band as the Dashboard alert tile. Ideal trough depends on months since transplant (early 8-12, late 5-8). | H8: Trend is 'Stable' if change is under (%) | I8: 5 | L8: =IF(OR('📈 Dashboard'!$O$60="▲ HIGH",'📈 Dashboard'!$O$60="▼ LOW"),B8,"") | M8: =SUMPRODUCT(MAX(('🧪 Lab Results'!$G8:$Z8<>"")*COLUMN('🧪 Lab Results'!$G8:$Z8))) -> 0 | N8: =IF(M8=0,0,SUMPRODUCT(MAX(('🧪 Lab Results'!$G8:$Z8<>"")*(COLUMN('🧪 Lab Results'!$G8:$Z8)<M8)*COLUMN('🧪 Lab Results'!$G8:$Z8)))) -> 0 | O8: =O7&IF(AND(O7<>"",L8<>""),", ","")&L8 | P8: =$I$5 -> 70 | Q8: =$I$6 -> 126 | R8: =$I$7 -> 180 | T8: =T7+IF(TRIM('💊 Medication History'!$I$7)="ACTIVE",1,0) -> 0 | U8: 3 | V8: =IFERROR(MATCH(U8,$T$6:$T$205,0),0) -> 0
B9: =TRIM('🧪 Lab Results'!$B$10) -> Calcium (Total) | C9: =IF('🧪 Lab Results'!$C$10="","",'🧪 Lab Results'!$C$10) -> mg/dL | D9: 8.5 | E9: 10.2 | F9: Post-transplant target. | H9: BP alert - systolic above (mmHg) | I9: 140 | L9: =IF(OR('📈 Dashboard'!$O$61="▲ HIGH",'📈 Dashboard'!$O$61="▼ LOW"),B9,"") | M9: =SUMPRODUCT(MAX(('🧪 Lab Results'!$G10:$Z10<>"")*COLUMN('🧪 Lab Results'!$G10:$Z10))) -> 0 | N9: =IF(M9=0,0,SUMPRODUCT(MAX(('🧪 Lab Results'!$G10:$Z10<>"")*(COLUMN('🧪 Lab Results'!$G10:$Z10)<M9)*COLUMN('🧪 Lab Results'!$G10:$Z10)))) -> 0 | O9: =O8&IF(AND(O8<>"",L9<>""),", ","")&L9 | P9: =$I$5 -> 70 | Q9: =$I$6 -> 126 | R9: =$I$7 -> 180 | T9: =T8+IF(TRIM('💊 Medication History'!$I$8)="ACTIVE",1,0) -> 0 | U9: 4 | V9: =IFERROR(MATCH(U9,$T$6:$T$205,0),0) -> 0
B10: =TRIM('🧪 Lab Results'!$B$11) -> Phosphorus | C10: =IF('🧪 Lab Results'!$C$11="","",'🧪 Lab Results'!$C$11) -> mg/dL | D10: 2.5 | E10: 4.5 | F10: Normal / target range. | H10: BP alert - systolic below (mmHg) | I10: 90 | L10: =IF(OR('📈 Dashboard'!$O$62="▲ HIGH",'📈 Dashboard'!$O$62="▼ LOW"),B10,"") | M10: =SUMPRODUCT(MAX(('🧪 Lab Results'!$G11:$Z11<>"")*COLUMN('🧪 Lab Results'!$G11:$Z11))) -> 0 | N10: =IF(M10=0,0,SUMPRODUCT(MAX(('🧪 Lab Results'!$G11:$Z11<>"")*(COLUMN('🧪 Lab Results'!$G11:$Z11)<M10)*COLUMN('🧪 Lab Results'!$G11:$Z11)))) -> 0 | O10: =O9&IF(AND(O9<>"",L10<>""),", ","")&L10 | P10: =$I$5 -> 70 | Q10: =$I$6 -> 126 | R10: =$I$7 -> 180 | T10: =T9+IF(TRIM('💊 Medication History'!$I$9)="ACTIVE",1,0) -> 0 | U10: 5 | V10: =IFERROR(MATCH(U10,$T$6:$T$205,0),0) -> 0
B11: =TRIM('🧪 Lab Results'!$B$12) -> Uric Acid | C11: =IF('🧪 Lab Results'!$C$12="","",'🧪 Lab Results'!$C$12) -> mg/dL | E11: 7 | F11: Target < 7.0. Upper limit only. | H11: BP alert - diastolic above (mmHg) | I11: 90 | L11: =IF(OR('📈 Dashboard'!$O$63="▲ HIGH",'📈 Dashboard'!$O$63="▼ LOW"),B11,"") | M11: =SUMPRODUCT(MAX(('🧪 Lab Results'!$G12:$Z12<>"")*COLUMN('🧪 Lab Results'!$G12:$Z12))) -> 0 | N11: =IF(M11=0,0,SUMPRODUCT(MAX(('🧪 Lab Results'!$G12:$Z12<>"")*(COLUMN('🧪 Lab Results'!$G12:$Z12)<M11)*COLUMN('🧪 Lab Results'!$G12:$Z12)))) -> 0 | O11: =O10&IF(AND(O10<>"",L11<>""),", ","")&L11 | P11: =$I$5 -> 70 | Q11: =$I$6 -> 126 | R11: =$I$7 -> 180 | T11: =T10+IF(TRIM('💊 Medication History'!$I$10)="ACTIVE",1,0) -> 0 | U11: 6 | V11: =IFERROR(MATCH(U11,$T$6:$T$205,0),0) -> 0
B12: =TRIM('🧪 Lab Results'!$B$13) -> Potassium | C12: =IF('🧪 Lab Results'!$C$13="","",'🧪 Lab Results'!$C$13) -> mEq/L | D12: 3.5 | E12: 5 | F12: Normal / target range. | H12: Creatinine - borderline above (mg/dL) | I12: 1.5 | L12: =IF(OR('📈 Dashboard'!$O$64="▲ HIGH",'📈 Dashboard'!$O$64="▼ LOW"),B12,"") | M12: =SUMPRODUCT(MAX(('🧪 Lab Results'!$G13:$Z13<>"")*COLUMN('🧪 Lab Results'!$G13:$Z13))) -> 0 | N12: =IF(M12=0,0,SUMPRODUCT(MAX(('🧪 Lab Results'!$G13:$Z13<>"")*(COLUMN('🧪 Lab Results'!$G13:$Z13)<M12)*COLUMN('🧪 Lab Results'!$G13:$Z13)))) -> 0 | O12: =O11&IF(AND(O11<>"",L12<>""),", ","")&L12 | P12: =$I$5 -> 70 | Q12: =$I$6 -> 126 | R12: =$I$7 -> 180 | T12: =T11+IF(TRIM('💊 Medication History'!$I$11)="ACTIVE",1,0) -> 0 | U12: 7 | V12: =IFERROR(MATCH(U12,$T$6:$T$205,0),0) -> 0
B13: =TRIM('🧪 Lab Results'!$B$14) -> Sodium | C13: =IF('🧪 Lab Results'!$C$14="","",'🧪 Lab Results'!$C$14) -> mEq/L | D13: 135 | E13: 145 | F13: Normal / target range. | H13: Creatinine - urgent above (mg/dL) | I13: 2 | L13: =IF(OR('📈 Dashboard'!$O$65="▲ HIGH",'📈 Dashboard'!$O$65="▼ LOW"),B13,"") | M13: =SUMPRODUCT(MAX(('🧪 Lab Results'!$G14:$Z14<>"")*COLUMN('🧪 Lab Results'!$G14:$Z14))) -> 0 | N13: =IF(M13=0,0,SUMPRODUCT(MAX(('🧪 Lab Results'!$G14:$Z14<>"")*(COLUMN('🧪 Lab Results'!$G14:$Z14)<M13)*COLUMN('🧪 Lab Results'!$G14:$Z14)))) -> 0 | O13: =O12&IF(AND(O12<>"",L13<>""),", ","")&L13 | P13: =$I$5 -> 70 | Q13: =$I$6 -> 126 | R13: =$I$7 -> 180 | T13: =T12+IF(TRIM('💊 Medication History'!$I$12)="ACTIVE",1,0) -> 0 | U13: 8 | V13: =IFERROR(MATCH(U13,$T$6:$T$205,0),0) -> 0
B14: =TRIM('🧪 Lab Results'!$B$15) -> Serum Bicarbonate | C14: =IF('🧪 Lab Results'!$C$15="","",'🧪 Lab Results'!$C$15) -> mEq/L | D14: 22 | E14: 29 | F14: Normal / target range. | L14: =IF(OR('📈 Dashboard'!$O$66="▲ HIGH",'📈 Dashboard'!$O$66="▼ LOW"),B14,"") | M14: =SUMPRODUCT(MAX(('🧪 Lab Results'!$G15:$Z15<>"")*COLUMN('🧪 Lab Results'!$G15:$Z15))) -> 0 | N14: =IF(M14=0,0,SUMPRODUCT(MAX(('🧪 Lab Results'!$G15:$Z15<>"")*(COLUMN('🧪 Lab Results'!$G15:$Z15)<M14)*COLUMN('🧪 Lab Results'!$G15:$Z15)))) -> 0 | O14: =O13&IF(AND(O13<>"",L14<>""),", ","")&L14 | P14: =$I$5 -> 70 | Q14: =$I$6 -> 126 | R14: =$I$7 -> 180 | T14: =T13+IF(TRIM('💊 Medication History'!$I$13)="ACTIVE",1,0) -> 0 | U14: 9 | V14: =IFERROR(MATCH(U14,$T$6:$T$205,0),0) -> 0
B15: =TRIM('🧪 Lab Results'!$B$17) -> FBS (Fasting Sugar) | C15: =IF('🧪 Lab Results'!$C$17="","",'🧪 Lab Results'!$C$17) -> mg/dL | D15: 70 | E15: 126 | F15: Post-transplant target (avoid PTDM). | H15: These limits drive the Dashboard alert tiles, the Daily Vitals Log BP / sugar colouring and the Weekly Summary BP-alert count. Tacrolimus limits are the Low / High cells of the Tacrolimus row in table A. The SpO2 alert (below 94%) and weight-gain alert (2 kg/week) are built into the formulas. | L15: =IF(OR('📈 Dashboard'!$O$67="▲ HIGH",'📈 Dashboard'!$O$67="▼ LOW"),B15,"") | M15: =SUMPRODUCT(MAX(('🧪 Lab Results'!$G17:$Z17<>"")*COLUMN('🧪 Lab Results'!$G17:$Z17))) -> 0 | N15: =IF(M15=0,0,SUMPRODUCT(MAX(('🧪 Lab Results'!$G17:$Z17<>"")*(COLUMN('🧪 Lab Results'!$G17:$Z17)<M15)*COLUMN('🧪 Lab Results'!$G17:$Z17)))) -> 0 | O15: =O14&IF(AND(O14<>"",L15<>""),", ","")&L15 | P15: =$I$5 -> 70 | Q15: =$I$6 -> 126 | R15: =$I$7 -> 180 | T15: =T14+IF(TRIM('💊 Medication History'!$I$14)="ACTIVE",1,0) -> 0 | U15: 10 | V15: =IFERROR(MATCH(U15,$T$6:$T$205,0),0) -> 0
B16: =TRIM('🧪 Lab Results'!$B$18) -> PPBS (Post-meal) | C16: =IF('🧪 Lab Results'!$C$18="","",'🧪 Lab Results'!$C$18) -> mg/dL | E16: 180 | F16: Post-transplant target <= 180. Upper limit only. | L16: =IF(OR('📈 Dashboard'!$O$68="▲ HIGH",'📈 Dashboard'!$O$68="▼ LOW"),B16,"") | M16: =SUMPRODUCT(MAX(('🧪 Lab Results'!$G18:$Z18<>"")*COLUMN('🧪 Lab Results'!$G18:$Z18))) -> 0 | N16: =IF(M16=0,0,SUMPRODUCT(MAX(('🧪 Lab Results'!$G18:$Z18<>"")*(COLUMN('🧪 Lab Results'!$G18:$Z18)<M16)*COLUMN('🧪 Lab Results'!$G18:$Z18)))) -> 0 | O16: =O15&IF(AND(O15<>"",L16<>""),", ","")&L16 | P16: =$I$5 -> 70 | Q16: =$I$6 -> 126 | R16: =$I$7 -> 180 | T16: =T15+IF(TRIM('💊 Medication History'!$I$15)="ACTIVE",1,0) -> 0 | U16: 11 | V16: =IFERROR(MATCH(U16,$T$6:$T$205,0),0) -> 0
B17: =TRIM('🧪 Lab Results'!$B$19) -> HbA1c | C17: =IF('🧪 Lab Results'!$C$19="","",'🧪 Lab Results'!$C$19) -> % | E17: 7 | F17: Target <= 7.0. Upper limit only. | L17: =IF(OR('📈 Dashboard'!$O$69="▲ HIGH",'📈 Dashboard'!$O$69="▼ LOW"),B17,"") | M17: =SUMPRODUCT(MAX(('🧪 Lab Results'!$G19:$Z19<>"")*COLUMN('🧪 Lab Results'!$G19:$Z19))) -> 0 | N17: =IF(M17=0,0,SUMPRODUCT(MAX(('🧪 Lab Results'!$G19:$Z19<>"")*(COLUMN('🧪 Lab Results'!$G19:$Z19)<M17)*COLUMN('🧪 Lab Results'!$G19:$Z19)))) -> 0 | O17: =O16&IF(AND(O16<>"",L17<>""),", ","")&L17 | P17: =$I$5 -> 70 | Q17: =$I$6 -> 126 | R17: =$I$7 -> 180 | T17: =T16+IF(TRIM('💊 Medication History'!$I$16)="ACTIVE",1,0) -> 0 | U17: 12 | V17: =IFERROR(MATCH(U17,$T$6:$T$205,0),0) -> 0
B18: =TRIM('🧪 Lab Results'!$B$21) -> Haemoglobin | C18: =IF('🧪 Lab Results'!$C$21="","",'🧪 Lab Results'!$C$21) -> g/dL | D18: 11 | E18: 14 | F18: Post-transplant target (general normal 12-17). | L18: =IF(OR('📈 Dashboard'!$O$70="▲ HIGH",'📈 Dashboard'!$O$70="▼ LOW"),B18,"") | M18: =SUMPRODUCT(MAX(('🧪 Lab Results'!$G21:$Z21<>"")*COLUMN('🧪 Lab Results'!$G21:$Z21))) -> 0 | N18: =IF(M18=0,0,SUMPRODUCT(MAX(('🧪 Lab Results'!$G21:$Z21<>"")*(COLUMN('🧪 Lab Results'!$G21:$Z21)<M18)*COLUMN('🧪 Lab Results'!$G21:$Z21)))) -> 0 | O18: =O17&IF(AND(O17<>"",L18<>""),", ","")&L18 | P18: =$I$5 -> 70 | Q18: =$I$6 -> 126 | R18: =$I$7 -> 180 | T18: =T17+IF(TRIM('💊 Medication History'!$I$17)="ACTIVE",1,0) -> 0 | U18: 13 | V18: =IFERROR(MATCH(U18,$T$6:$T$205,0),0) -> 0
B19: =TRIM('🧪 Lab Results'!$B$22) -> TLC (WBC) | C19: =IF('🧪 Lab Results'!$C$22="","",'🧪 Lab Results'!$C$22) -> ×10³/μL | D19: 4 | E19: 10 | F19: Post-transplant target. | L19: =IF(OR('📈 Dashboard'!$O$71="▲ HIGH",'📈 Dashboard'!$O$71="▼ LOW"),B19,"") | M19: =SUMPRODUCT(MAX(('🧪 Lab Results'!$G22:$Z22<>"")*COLUMN('🧪 Lab Results'!$G22:$Z22))) -> 0 | N19: =IF(M19=0,0,SUMPRODUCT(MAX(('🧪 Lab Results'!$G22:$Z22<>"")*(COLUMN('🧪 Lab Results'!$G22:$Z22)<M19)*COLUMN('🧪 Lab Results'!$G22:$Z22)))) -> 0 | O19: =O18&IF(AND(O18<>"",L19<>""),", ","")&L19 | P19: =$I$5 -> 70 | Q19: =$I$6 -> 126 | R19: =$I$7 -> 180 | T19: =T18+IF(TRIM('💊 Medication History'!$I$18)="ACTIVE",1,0) -> 0 | U19: 14 | V19: =IFERROR(MATCH(U19,$T$6:$T$205,0),0) -> 0
B20: =TRIM('🧪 Lab Results'!$B$23) -> Platelets | C20: =IF('🧪 Lab Results'!$C$23="","",'🧪 Lab Results'!$C$23) -> ×10³/μL | D20: 150 | E20: 350 | F20: Post-transplant target. | L20: =IF(OR('📈 Dashboard'!$O$72="▲ HIGH",'📈 Dashboard'!$O$72="▼ LOW"),B20,"") | M20: =SUMPRODUCT(MAX(('🧪 Lab Results'!$G23:$Z23<>"")*COLUMN('🧪 Lab Results'!$G23:$Z23))) -> 0 | N20: =IF(M20=0,0,SUMPRODUCT(MAX(('🧪 Lab Results'!$G23:$Z23<>"")*(COLUMN('🧪 Lab Results'!$G23:$Z23)<M20)*COLUMN('🧪 Lab Results'!$G23:$Z23)))) -> 0 | O20: =O19&IF(AND(O19<>"",L20<>""),", ","")&L20 | P20: =$I$5 -> 70 | Q20: =$I$6 -> 126 | R20: =$I$7 -> 180 | T20: =T19+IF(TRIM('💊 Medication History'!$I$19)="ACTIVE",1,0) -> 0 | U20: 15 | V20: =IFERROR(MATCH(U20,$T$6:$T$205,0),0) -> 0
B21: =TRIM('🧪 Lab Results'!$B$25) -> Serum Albumin | C21: =IF('🧪 Lab Results'!$C$25="","",'🧪 Lab Results'!$C$25) -> g/dL | D21: 3.5 | E21: 5 | F21: Normal / target range. | L21: =IF(OR('📈 Dashboard'!$O$73="▲ HIGH",'📈 Dashboard'!$O$73="▼ LOW"),B21,"") | M21: =SUMPRODUCT(MAX(('🧪 Lab Results'!$G25:$Z25<>"")*COLUMN('🧪 Lab Results'!$G25:$Z25))) -> 0 | N21: =IF(M21=0,0,SUMPRODUCT(MAX(('🧪 Lab Results'!$G25:$Z25<>"")*(COLUMN('🧪 Lab Results'!$G25:$Z25)<M21)*COLUMN('🧪 Lab Results'!$G25:$Z25)))) -> 0 | O21: =O20&IF(AND(O20<>"",L21<>""),", ","")&L21 | P21: =$I$5 -> 70 | Q21: =$I$6 -> 126 | R21: =$I$7 -> 180 | T21: =T20+IF(TRIM('💊 Medication History'!$I$20)="ACTIVE",1,0) -> 0
B22: =TRIM('🧪 Lab Results'!$B$26) -> Total Bilirubin | C22: =IF('🧪 Lab Results'!$C$26="","",'🧪 Lab Results'!$C$26) -> mg/dL | E22: 1.2 | F22: Upper limit only. | L22: =IF(OR('📈 Dashboard'!$O$74="▲ HIGH",'📈 Dashboard'!$O$74="▼ LOW"),B22,"") | M22: =SUMPRODUCT(MAX(('🧪 Lab Results'!$G26:$Z26<>"")*COLUMN('🧪 Lab Results'!$G26:$Z26))) -> 0 | N22: =IF(M22=0,0,SUMPRODUCT(MAX(('🧪 Lab Results'!$G26:$Z26<>"")*(COLUMN('🧪 Lab Results'!$G26:$Z26)<M22)*COLUMN('🧪 Lab Results'!$G26:$Z26)))) -> 0 | O22: =O21&IF(AND(O21<>"",L22<>""),", ","")&L22 | P22: =$I$5 -> 70 | Q22: =$I$6 -> 126 | R22: =$I$7 -> 180 | T22: =T21+IF(TRIM('💊 Medication History'!$I$21)="ACTIVE",1,0) -> 0
B23: =TRIM('🧪 Lab Results'!$B$27) -> SGOT / AST | C23: =IF('🧪 Lab Results'!$C$27="","",'🧪 Lab Results'!$C$27) -> U/L | E23: 40 | F23: Upper limit only. | H23: Tip: to track a new lab, add it as a row in Lab Results, then add a row to the Lab Snapshot (copy an existing row) and to table A. | L23: =IF(OR('📈 Dashboard'!$O$75="▲ HIGH",'📈 Dashboard'!$O$75="▼ LOW"),B23,"") | M23: =SUMPRODUCT(MAX(('🧪 Lab Results'!$G27:$Z27<>"")*COLUMN('🧪 Lab Results'!$G27:$Z27))) -> 0 | N23: =IF(M23=0,0,SUMPRODUCT(MAX(('🧪 Lab Results'!$G27:$Z27<>"")*(COLUMN('🧪 Lab Results'!$G27:$Z27)<M23)*COLUMN('🧪 Lab Results'!$G27:$Z27)))) -> 0 | O23: =O22&IF(AND(O22<>"",L23<>""),", ","")&L23 | P23: =$I$5 -> 70 | Q23: =$I$6 -> 126 | R23: =$I$7 -> 180 | T23: =T22+IF(TRIM('💊 Medication History'!$I$22)="ACTIVE",1,0) -> 0
B24: =TRIM('🧪 Lab Results'!$B$28) -> SGPT / ALT | C24: =IF('🧪 Lab Results'!$C$28="","",'🧪 Lab Results'!$C$28) -> U/L | E24: 56 | F24: Upper limit only (workbook range). | L24: =IF(OR('📈 Dashboard'!$O$76="▲ HIGH",'📈 Dashboard'!$O$76="▼ LOW"),B24,"") | M24: =SUMPRODUCT(MAX(('🧪 Lab Results'!$G28:$Z28<>"")*COLUMN('🧪 Lab Results'!$G28:$Z28))) -> 0 | N24: =IF(M24=0,0,SUMPRODUCT(MAX(('🧪 Lab Results'!$G28:$Z28<>"")*(COLUMN('🧪 Lab Results'!$G28:$Z28)<M24)*COLUMN('🧪 Lab Results'!$G28:$Z28)))) -> 0 | O24: =O23&IF(AND(O23<>"",L24<>""),", ","")&L24 | P24: =$I$5 -> 70 | Q24: =$I$6 -> 126 | R24: =$I$7 -> 180 | T24: =T23+IF(TRIM('💊 Medication History'!$I$23)="ACTIVE",1,0) -> 0
B25: =TRIM('🧪 Lab Results'!$B$29) -> Lipid Profile (LDL) | C25: =IF('🧪 Lab Results'!$C$29="","",'🧪 Lab Results'!$C$29) -> mg/dL | E25: 100 | F25: Upper limit only. | L25: =IF(OR('📈 Dashboard'!$O$77="▲ HIGH",'📈 Dashboard'!$O$77="▼ LOW"),B25,"") | M25: =SUMPRODUCT(MAX(('🧪 Lab Results'!$G29:$Z29<>"")*COLUMN('🧪 Lab Results'!$G29:$Z29))) -> 0 | N25: =IF(M25=0,0,SUMPRODUCT(MAX(('🧪 Lab Results'!$G29:$Z29<>"")*(COLUMN('🧪 Lab Results'!$G29:$Z29)<M25)*COLUMN('🧪 Lab Results'!$G29:$Z29)))) -> 0 | O25: =O24&IF(AND(O24<>"",L25<>""),", ","")&L25 | P25: =$I$5 -> 70 | Q25: =$I$6 -> 126 | R25: =$I$7 -> 180 | T25: =T24+IF(TRIM('💊 Medication History'!$I$24)="ACTIVE",1,0) -> 0
B26: =TRIM('🧪 Lab Results'!$B$31) -> Vitamin D (25-OH) | C26: =IF('🧪 Lab Results'!$C$31="","",'🧪 Lab Results'!$C$31) -> ng/mL | D26: 30 | E26: 100 | F26: Normal / target range. | L26: =IF(OR('📈 Dashboard'!$O$78="▲ HIGH",'📈 Dashboard'!$O$78="▼ LOW"),B26,"") | M26: =SUMPRODUCT(MAX(('🧪 Lab Results'!$G31:$Z31<>"")*COLUMN('🧪 Lab Results'!$G31:$Z31))) -> 0 | N26: =IF(M26=0,0,SUMPRODUCT(MAX(('🧪 Lab Results'!$G31:$Z31<>"")*(COLUMN('🧪 Lab Results'!$G31:$Z31)<M26)*COLUMN('🧪 Lab Results'!$G31:$Z31)))) -> 0 | O26: =O25&IF(AND(O25<>"",L26<>""),", ","")&L26 | P26: =$I$5 -> 70 | Q26: =$I$6 -> 126 | R26: =$I$7 -> 180 | T26: =T25+IF(TRIM('💊 Medication History'!$I$25)="ACTIVE",1,0) -> 0
B27: =TRIM('🧪 Lab Results'!$B$38) -> Urine PCR (UACR) | C27: =IF('🧪 Lab Results'!$C$38="","",'🧪 Lab Results'!$C$38) -> mg/g | E27: 300 | F27: Post-transplant target < 300 (general normal < 150). | L27: =IF(OR('📈 Dashboard'!$O$79="▲ HIGH",'📈 Dashboard'!$O$79="▼ LOW"),B27,"") | M27: =SUMPRODUCT(MAX(('🧪 Lab Results'!$G38:$Z38<>"")*COLUMN('🧪 Lab Results'!$G38:$Z38))) -> 0 | N27: =IF(M27=0,0,SUMPRODUCT(MAX(('🧪 Lab Results'!$G38:$Z38<>"")*(COLUMN('🧪 Lab Results'!$G38:$Z38)<M27)*COLUMN('🧪 Lab Results'!$G38:$Z38)))) -> 0 | O27: =O26&IF(AND(O26<>"",L27<>""),", ","")&L27 | P27: =$I$5 -> 70 | Q27: =$I$6 -> 126 | R27: =$I$7 -> 180 | T27: =T26+IF(TRIM('💊 Medication History'!$I$26)="ACTIVE",1,0) -> 0
B28: =TRIM('🧪 Lab Results'!$B$39) -> 24h Urine Protein | C28: =IF('🧪 Lab Results'!$C$39="","",'🧪 Lab Results'!$C$39) -> mg/24h | E28: 300 | F28: Post-transplant target < 300 (general normal < 150). | L28: =IF(OR('📈 Dashboard'!$O$80="▲ HIGH",'📈 Dashboard'!$O$80="▼ LOW"),B28,"") | M28: =SUMPRODUCT(MAX(('🧪 Lab Results'!$G39:$Z39<>"")*COLUMN('🧪 Lab Results'!$G39:$Z39))) -> 0 | N28: =IF(M28=0,0,SUMPRODUCT(MAX(('🧪 Lab Results'!$G39:$Z39<>"")*(COLUMN('🧪 Lab Results'!$G39:$Z39)<M28)*COLUMN('🧪 Lab Results'!$G39:$Z39)))) -> 0 | O28: =O27&IF(AND(O27<>"",L28<>""),", ","")&L28 | P28: =$I$5 -> 70 | Q28: =$I$6 -> 126 | R28: =$I$7 -> 180 | T28: =T27+IF(TRIM('💊 Medication History'!$I$27)="ACTIVE",1,0) -> 0
B29: =TRIM('🧪 Lab Results'!$B$32) -> BKV PCR | C29: =IF('🧪 Lab Results'!$C$32="","",'🧪 Lab Results'!$C$32) -> copies/mL | F29: Text result - interpreted by the doctor. | M29: =SUMPRODUCT(MAX(('🧪 Lab Results'!$G32:$Z32<>"")*COLUMN('🧪 Lab Results'!$G32:$Z32))) -> 0 | N29: =IF(M29=0,0,SUMPRODUCT(MAX(('🧪 Lab Results'!$G32:$Z32<>"")*(COLUMN('🧪 Lab Results'!$G32:$Z32)<M29)*COLUMN('🧪 Lab Results'!$G32:$Z32)))) -> 0 | P29: =$I$5 -> 70 | Q29: =$I$6 -> 126 | R29: =$I$7 -> 180 | T29: =T28+IF(TRIM('💊 Medication History'!$I$28)="ACTIVE",1,0) -> 0
B30: =TRIM('🧪 Lab Results'!$B$33) -> CMV PCR | C30: =IF('🧪 Lab Results'!$C$33="","",'🧪 Lab Results'!$C$33) -> copies/mL | F30: Text result - interpreted by the doctor. | M30: =SUMPRODUCT(MAX(('🧪 Lab Results'!$G33:$Z33<>"")*COLUMN('🧪 Lab Results'!$G33:$Z33))) -> 0 | N30: =IF(M30=0,0,SUMPRODUCT(MAX(('🧪 Lab Results'!$G33:$Z33<>"")*(COLUMN('🧪 Lab Results'!$G33:$Z33)<M30)*COLUMN('🧪 Lab Results'!$G33:$Z33)))) -> 0 | P30: =$I$5 -> 70 | Q30: =$I$6 -> 126 | R30: =$I$7 -> 180 | T30: =T29+IF(TRIM('💊 Medication History'!$I$29)="ACTIVE",1,0) -> 0
B31: =TRIM('🧪 Lab Results'!$B$35) -> Urine RE (Protein) | C31: =IF('🧪 Lab Results'!$C$35="","",'🧪 Lab Results'!$C$35) -> – | F31: Text result - interpreted by the doctor. | M31: =SUMPRODUCT(MAX(('🧪 Lab Results'!$G35:$Z35<>"")*COLUMN('🧪 Lab Results'!$G35:$Z35))) -> 0 | N31: =IF(M31=0,0,SUMPRODUCT(MAX(('🧪 Lab Results'!$G35:$Z35<>"")*(COLUMN('🧪 Lab Results'!$G35:$Z35)<M31)*COLUMN('🧪 Lab Results'!$G35:$Z35)))) -> 0 | P31: =$I$5 -> 70 | Q31: =$I$6 -> 126 | R31: =$I$7 -> 180 | T31: =T30+IF(TRIM('💊 Medication History'!$I$30)="ACTIVE",1,0) -> 0
B32: =TRIM('🧪 Lab Results'!$B$36) -> Urine RE (RBC/WBC) | C32: =IF('🧪 Lab Results'!$C$36="","",'🧪 Lab Results'!$C$36) -> cells/hpf | F32: Text result - interpreted by the doctor. | M32: =SUMPRODUCT(MAX(('🧪 Lab Results'!$G36:$Z36<>"")*COLUMN('🧪 Lab Results'!$G36:$Z36))) -> 0 | N32: =IF(M32=0,0,SUMPRODUCT(MAX(('🧪 Lab Results'!$G36:$Z36<>"")*(COLUMN('🧪 Lab Results'!$G36:$Z36)<M32)*COLUMN('🧪 Lab Results'!$G36:$Z36)))) -> 0 | P32: =$I$5 -> 70 | Q32: =$I$6 -> 126 | R32: =$I$7 -> 180 | T32: =T31+IF(TRIM('💊 Medication History'!$I$31)="ACTIVE",1,0) -> 0
B33: =TRIM('🧪 Lab Results'!$B$37) -> Urine C/S | C33: =IF('🧪 Lab Results'!$C$37="","",'🧪 Lab Results'!$C$37) -> – | F33: Text result - interpreted by the doctor. | M33: =SUMPRODUCT(MAX(('🧪 Lab Results'!$G37:$Z37<>"")*COLUMN('🧪 Lab Results'!$G37:$Z37))) -> 0 | N33: =IF(M33=0,0,SUMPRODUCT(MAX(('🧪 Lab Results'!$G37:$Z37<>"")*(COLUMN('🧪 Lab Results'!$G37:$Z37)<M33)*COLUMN('🧪 Lab Results'!$G37:$Z37)))) -> 0 | P33: =$I$5 -> 70 | Q33: =$I$6 -> 126 | R33: =$I$7 -> 180 | T33: =T32+IF(TRIM('💊 Medication History'!$I$32)="ACTIVE",1,0) -> 0
P34: =$I$5 -> 70 | Q34: =$I$6 -> 126 | R34: =$I$7 -> 180 | T34: =T33+IF(TRIM('💊 Medication History'!$I$33)="ACTIVE",1,0) -> 0
P35: =$I$5 -> 70 | Q35: =$I$6 -> 126 | R35: =$I$7 -> 180 | T35: =T34+IF(TRIM('💊 Medication History'!$I$34)="ACTIVE",1,0) -> 0
B36: C. LAB-CHART REFERENCE LINES (formula feed - do not edit) | P36: =$I$5 -> 70 | Q36: =$I$6 -> 126 | R36: =$I$7 -> 180 | T36: =T35+IF(TRIM('💊 Medication History'!$I$35)="ACTIVE",1,0) -> 0
B37: Reference line | C37: Start date | D37: End date | E37: Value at start | F37: Value at end | P37: =$I$5 -> 70 | Q37: =$I$6 -> 126 | R37: =$I$7 -> 180 | T37: =T36+IF(TRIM('💊 Medication History'!$I$36)="ACTIVE",1,0) -> 0
B38: ="Lower limit ("&IF($D$6="","n/a",$D$6)&")" -> Lower limit (0.6) | C38: =MIN('🧪 Lab Results'!$G$4:$Z$4) -> 0 | D38: =MAX('🧪 Lab Results'!$G$4:$Z$4) -> 0 | E38: =IF($D$6="",NA(),$D$6) -> 0.6 | F38: =IF($D$6="",NA(),$D$6) -> 0.6 | P38: =$I$5 -> 70 | Q38: =$I$6 -> 126 | R38: =$I$7 -> 180 | T38: =T37+IF(TRIM('💊 Medication History'!$I$37)="ACTIVE",1,0) -> 0
B39: ="Upper limit ("&IF($E$6="","n/a",$E$6)&")" -> Upper limit (1.2) | C39: =MIN('🧪 Lab Results'!$G$4:$Z$4) -> 0 | D39: =MAX('🧪 Lab Results'!$G$4:$Z$4) -> 0 | E39: =IF($E$6="",NA(),$E$6) -> 1.2 | F39: =IF($E$6="",NA(),$E$6) -> 1.2 | P39: =$I$5 -> 70 | Q39: =$I$6 -> 126 | R39: =$I$7 -> 180 | T39: =T38+IF(TRIM('💊 Medication History'!$I$38)="ACTIVE",1,0) -> 0
B40: ="Target minimum ("&IF($D$7="","n/a",$D$7)&")" -> Target minimum (45) | C40: =MIN('🧪 Lab Results'!$G$4:$Z$4) -> 0 | D40: =MAX('🧪 Lab Results'!$G$4:$Z$4) -> 0 | E40: =IF($D$7="",NA(),$D$7) -> 45 | F40: =IF($D$7="",NA(),$D$7) -> 45 | P40: =$I$5 -> 70 | Q40: =$I$6 -> 126 | R40: =$I$7 -> 180 | T40: =T39+IF(TRIM('💊 Medication History'!$I$39)="ACTIVE",1,0) -> 0
B41: ="Lower limit ("&IF($D$8="","n/a",$D$8)&")" -> Lower limit (5) | C41: =MIN('🧪 Lab Results'!$G$4:$Z$4) -> 0 | D41: =MAX('🧪 Lab Results'!$G$4:$Z$4) -> 0 | E41: =IF($D$8="",NA(),$D$8) -> 5 | F41: =IF($D$8="",NA(),$D$8) -> 5 | P41: =$I$5 -> 70 | Q41: =$I$6 -> 126 | R41: =$I$7 -> 180 | T41: =T40+IF(TRIM('💊 Medication History'!$I$40)="ACTIVE",1,0) -> 0
B42: ="Upper limit ("&IF($E$8="","n/a",$E$8)&")" -> Upper limit (12) | C42: =MIN('🧪 Lab Results'!$G$4:$Z$4) -> 0 | D42: =MAX('🧪 Lab Results'!$G$4:$Z$4) -> 0 | E42: =IF($E$8="",NA(),$E$8) -> 12 | F42: =IF($E$8="",NA(),$E$8) -> 12 | P42: =$I$5 -> 70 | Q42: =$I$6 -> 126 | R42: =$I$7 -> 180 | T42: =T41+IF(TRIM('💊 Medication History'!$I$41)="ACTIVE",1,0) -> 0
P43: =$I$5 -> 70 | Q43: =$I$6 -> 126 | R43: =$I$7 -> 180 | T43: =T42+IF(TRIM('💊 Medication History'!$I$42)="ACTIVE",1,0) -> 0
P44: =$I$5 -> 70 | Q44: =$I$6 -> 126 | R44: =$I$7 -> 180 | T44: =T43+IF(TRIM('💊 Medication History'!$I$43)="ACTIVE",1,0) -> 0
P45: =$I$5 -> 70 | Q45: =$I$6 -> 126 | R45: =$I$7 -> 180 | T45: =T44+IF(TRIM('💊 Medication History'!$I$44)="ACTIVE",1,0) -> 0
P46: =$I$5 -> 70 | Q46: =$I$6 -> 126 | R46: =$I$7 -> 180 | T46: =T45+IF(TRIM('💊 Medication History'!$I$45)="ACTIVE",1,0) -> 0
P47: =$I$5 -> 70 | Q47: =$I$6 -> 126 | R47: =$I$7 -> 180 | T47: =T46+IF(TRIM('💊 Medication History'!$I$46)="ACTIVE",1,0) -> 0
P48: =$I$5 -> 70 | Q48: =$I$6 -> 126 | R48: =$I$7 -> 180 | T48: =T47+IF(TRIM('💊 Medication History'!$I$47)="ACTIVE",1,0) -> 0
P49: =$I$5 -> 70 | Q49: =$I$6 -> 126 | R49: =$I$7 -> 180 | T49: =T48+IF(TRIM('💊 Medication History'!$I$48)="ACTIVE",1,0) -> 0
P50: =$I$5 -> 70 | Q50: =$I$6 -> 126 | R50: =$I$7 -> 180 | T50: =T49+IF(TRIM('💊 Medication History'!$I$49)="ACTIVE",1,0) -> 0
P51: =$I$5 -> 70 | Q51: =$I$6 -> 126 | R51: =$I$7 -> 180 | T51: =T50+IF(TRIM('💊 Medication History'!$I$50)="ACTIVE",1,0) -> 0
P52: =$I$5 -> 70 | Q52: =$I$6 -> 126 | R52: =$I$7 -> 180 | T52: =T51+IF(TRIM('💊 Medication History'!$I$51)="ACTIVE",1,0) -> 0
P53: =$I$5 -> 70 | Q53: =$I$6 -> 126 | R53: =$I$7 -> 180 | T53: =T52+IF(TRIM('💊 Medication History'!$I$52)="ACTIVE",1,0) -> 0
P54: =$I$5 -> 70 | Q54: =$I$6 -> 126 | R54: =$I$7 -> 180 | T54: =T53+IF(TRIM('💊 Medication History'!$I$53)="ACTIVE",1,0) -> 0
P55: =$I$5 -> 70 | Q55: =$I$6 -> 126 | R55: =$I$7 -> 180 | T55: =T54+IF(TRIM('💊 Medication History'!$I$54)="ACTIVE",1,0) -> 0
P56: =$I$5 -> 70 | Q56: =$I$6 -> 126 | R56: =$I$7 -> 180 | T56: =T55+IF(TRIM('💊 Medication History'!$I$55)="ACTIVE",1,0) -> 0
P57: =$I$5 -> 70 | Q57: =$I$6 -> 126 | R57: =$I$7 -> 180 | T57: =T56+IF(TRIM('💊 Medication History'!$I$56)="ACTIVE",1,0) -> 0
P58: =$I$5 -> 70 | Q58: =$I$6 -> 126 | R58: =$I$7 -> 180 | T58: =T57+IF(TRIM('💊 Medication History'!$I$57)="ACTIVE",1,0) -> 0
P59: =$I$5 -> 70 | Q59: =$I$6 -> 126 | R59: =$I$7 -> 180 | T59: =T58+IF(TRIM('💊 Medication History'!$I$58)="ACTIVE",1,0) -> 0
P60: =$I$5 -> 70 | Q60: =$I$6 -> 126 | R60: =$I$7 -> 180 | T60: =T59+IF(TRIM('💊 Medication History'!$I$59)="ACTIVE",1,0) -> 0
P61: =$I$5 -> 70 | Q61: =$I$6 -> 126 | R61: =$I$7 -> 180 | T61: =T60+IF(TRIM('💊 Medication History'!$I$60)="ACTIVE",1,0) -> 0
P62: =$I$5 -> 70 | Q62: =$I$6 -> 126 | R62: =$I$7 -> 180 | T62: =T61+IF(TRIM('💊 Medication History'!$I$61)="ACTIVE",1,0) -> 0
P63: =$I$5 -> 70 | Q63: =$I$6 -> 126 | R63: =$I$7 -> 180 | T63: =T62+IF(TRIM('💊 Medication History'!$I$62)="ACTIVE",1,0) -> 0
P64: =$I$5 -> 70 | Q64: =$I$6 -> 126 | R64: =$I$7 -> 180 | T64: =T63+IF(TRIM('💊 Medication History'!$I$63)="ACTIVE",1,0) -> 0
P65: =$I$5 -> 70 | Q65: =$I$6 -> 126 | R65: =$I$7 -> 180 | T65: =T64+IF(TRIM('💊 Medication History'!$I$64)="ACTIVE",1,0) -> 0
P66: =$I$5 -> 70 | Q66: =$I$6 -> 126 | R66: =$I$7 -> 180 | T66: =T65+IF(TRIM('💊 Medication History'!$I$65)="ACTIVE",1,0) -> 0
P67: =$I$5 -> 70 | Q67: =$I$6 -> 126 | R67: =$I$7 -> 180 | T67: =T66+IF(TRIM('💊 Medication History'!$I$66)="ACTIVE",1,0) -> 0
P68: =$I$5 -> 70 | Q68: =$I$6 -> 126 | R68: =$I$7 -> 180 | T68: =T67+IF(TRIM('💊 Medication History'!$I$67)="ACTIVE",1,0) -> 0
P69: =$I$5 -> 70 | Q69: =$I$6 -> 126 | R69: =$I$7 -> 180 | T69: =T68+IF(TRIM('💊 Medication History'!$I$68)="ACTIVE",1,0) -> 0
P70: =$I$5 -> 70 | Q70: =$I$6 -> 126 | R70: =$I$7 -> 180 | T70: =T69+IF(TRIM('💊 Medication History'!$I$69)="ACTIVE",1,0) -> 0
P71: =$I$5 -> 70 | Q71: =$I$6 -> 126 | R71: =$I$7 -> 180 | T71: =T70+IF(TRIM('💊 Medication History'!$I$70)="ACTIVE",1,0) -> 0
P72: =$I$5 -> 70 | Q72: =$I$6 -> 126 | R72: =$I$7 -> 180 | T72: =T71+IF(TRIM('💊 Medication History'!$I$71)="ACTIVE",1,0) -> 0
P73: =$I$5 -> 70 | Q73: =$I$6 -> 126 | R73: =$I$7 -> 180 | T73: =T72+IF(TRIM('💊 Medication History'!$I$72)="ACTIVE",1,0) -> 0
P74: =$I$5 -> 70 | Q74: =$I$6 -> 126 | R74: =$I$7 -> 180 | T74: =T73+IF(TRIM('💊 Medication History'!$I$73)="ACTIVE",1,0) -> 0
P75: =$I$5 -> 70 | Q75: =$I$6 -> 126 | R75: =$I$7 -> 180 | T75: =T74+IF(TRIM('💊 Medication History'!$I$74)="ACTIVE",1,0) -> 0
P76: =$I$5 -> 70 | Q76: =$I$6 -> 126 | R76: =$I$7 -> 180 | T76: =T75+IF(TRIM('💊 Medication History'!$I$75)="ACTIVE",1,0) -> 0
P77: =$I$5 -> 70 | Q77: =$I$6 -> 126 | R77: =$I$7 -> 180 | T77: =T76+IF(TRIM('💊 Medication History'!$I$76)="ACTIVE",1,0) -> 0
P78: =$I$5 -> 70 | Q78: =$I$6 -> 126 | R78: =$I$7 -> 180 | T78: =T77+IF(TRIM('💊 Medication History'!$I$77)="ACTIVE",1,0) -> 0
P79: =$I$5 -> 70 | Q79: =$I$6 -> 126 | R79: =$I$7 -> 180 | T79: =T78+IF(TRIM('💊 Medication History'!$I$78)="ACTIVE",1,0) -> 0
P80: =$I$5 -> 70 | Q80: =$I$6 -> 126 | R80: =$I$7 -> 180 | T80: =T79+IF(TRIM('💊 Medication History'!$I$79)="ACTIVE",1,0) -> 0
P81: =$I$5 -> 70 | Q81: =$I$6 -> 126 | R81: =$I$7 -> 180 | T81: =T80+IF(TRIM('💊 Medication History'!$I$80)="ACTIVE",1,0) -> 0
P82: =$I$5 -> 70 | Q82: =$I$6 -> 126 | R82: =$I$7 -> 180 | T82: =T81+IF(TRIM('💊 Medication History'!$I$81)="ACTIVE",1,0) -> 0
P83: =$I$5 -> 70 | Q83: =$I$6 -> 126 | R83: =$I$7 -> 180 | T83: =T82+IF(TRIM('💊 Medication History'!$I$82)="ACTIVE",1,0) -> 0
P84: =$I$5 -> 70 | Q84: =$I$6 -> 126 | R84: =$I$7 -> 180 | T84: =T83+IF(TRIM('💊 Medication History'!$I$83)="ACTIVE",1,0) -> 0
P85: =$I$5 -> 70 | Q85: =$I$6 -> 126 | R85: =$I$7 -> 180 | T85: =T84+IF(TRIM('💊 Medication History'!$I$84)="ACTIVE",1,0) -> 0
P86: =$I$5 -> 70 | Q86: =$I$6 -> 126 | R86: =$I$7 -> 180 | T86: =T85+IF(TRIM('💊 Medication History'!$I$85)="ACTIVE",1,0) -> 0
P87: =$I$5 -> 70 | Q87: =$I$6 -> 126 | R87: =$I$7 -> 180 | T87: =T86+IF(TRIM('💊 Medication History'!$I$86)="ACTIVE",1,0) -> 0
P88: =$I$5 -> 70 | Q88: =$I$6 -> 126 | R88: =$I$7 -> 180 | T88: =T87+IF(TRIM('💊 Medication History'!$I$87)="ACTIVE",1,0) -> 0
P89: =$I$5 -> 70 | Q89: =$I$6 -> 126 | R89: =$I$7 -> 180 | T89: =T88+IF(TRIM('💊 Medication History'!$I$88)="ACTIVE",1,0) -> 0
P90: =$I$5 -> 70 | Q90: =$I$6 -> 126 | R90: =$I$7 -> 180 | T90: =T89+IF(TRIM('💊 Medication History'!$I$89)="ACTIVE",1,0) -> 0
P91: =$I$5 -> 70 | Q91: =$I$6 -> 126 | R91: =$I$7 -> 180 | T91: =T90+IF(TRIM('💊 Medication History'!$I$90)="ACTIVE",1,0) -> 0
P92: =$I$5 -> 70 | Q92: =$I$6 -> 126 | R92: =$I$7 -> 180 | T92: =T91+IF(TRIM('💊 Medication History'!$I$91)="ACTIVE",1,0) -> 0
P93: =$I$5 -> 70 | Q93: =$I$6 -> 126 | R93: =$I$7 -> 180 | T93: =T92+IF(TRIM('💊 Medication History'!$I$92)="ACTIVE",1,0) -> 0
P94: =$I$5 -> 70 | Q94: =$I$6 -> 126 | R94: =$I$7 -> 180 | T94: =T93+IF(TRIM('💊 Medication History'!$I$93)="ACTIVE",1,0) -> 0
P95: =$I$5 -> 70 | Q95: =$I$6 -> 126 | R95: =$I$7 -> 180 | T95: =T94+IF(TRIM('💊 Medication History'!$I$94)="ACTIVE",1,0) -> 0
P96: =$I$5 -> 70 | Q96: =$I$6 -> 126 | R96: =$I$7 -> 180 | T96: =T95+IF(TRIM('💊 Medication History'!$I$95)="ACTIVE",1,0) -> 0
P97: =$I$5 -> 70 | Q97: =$I$6 -> 126 | R97: =$I$7 -> 180 | T97: =T96+IF(TRIM('💊 Medication History'!$I$96)="ACTIVE",1,0) -> 0
P98: =$I$5 -> 70 | Q98: =$I$6 -> 126 | R98: =$I$7 -> 180 | T98: =T97+IF(TRIM('💊 Medication History'!$I$97)="ACTIVE",1,0) -> 0
P99: =$I$5 -> 70 | Q99: =$I$6 -> 126 | R99: =$I$7 -> 180 | T99: =T98+IF(TRIM('💊 Medication History'!$I$98)="ACTIVE",1,0) -> 0
P100: =$I$5 -> 70 | Q100: =$I$6 -> 126 | R100: =$I$7 -> 180 | T100: =T99+IF(TRIM('💊 Medication History'!$I$99)="ACTIVE",1,0) -> 0
T101: =T100+IF(TRIM('💊 Medication History'!$I$100)="ACTIVE",1,0) -> 0
...
